Seller_Email,Listing_ID,Category,Product_Title,Product_Name,Product_Description,Quantity,Product_Price,Status
ztolk7z1@nittybiz.com,747,Bakery & Bread,Freshness Guaranteed Steak Rolls,Steak Rolls,Yummy Rolls,5,$50 ,1
1ljtsmss@nittybiz.com,2513,Bakery & Bread,Freshness Guaranteed Steak Rolls,Steak Rolls,Yummy Rolls,5,$50 ,1
cyppq1hn@nittybiz.com,741,Basketball,Wilson NCAA Street Shot Outdoor Basketball,"Wilson Basketball 9""",For WNBA and kids,5,$145 ,1
dcjdw3qn@nittybiz.com,2505,Basketball,Wilson NCAA Street Shot Outdoor Basketball,"Wilson Basketball 9""",For WNBA and kids,5,$145 ,1
gfwebr11@nittybiz.com,786,Bath Robes,Washed Linen Bathrobe,Mainstays Linen Bathrobe,Linen Bathrobe,2,$80 ,1
4tqzty9s@nittybiz.com,810,Bath Robes,Washed Linen Bathrobe,Mainstays Linen Bathrobe,Brobe,5,$200 ,1
zwwx3vij@nittybiz.com,849,Bath Robes,Washed Linen Bathrobe,Mainstays Linen Bathrobe,Brobe,4,$160 ,1
1ylr2fnq@nittybiz.com,870,Bath Robes,Satin and Lace Bathrobe,Mainstays Satin Bathrobe,Brobe,3,$120 ,1
v8tt56g4@nittybiz.com,885,Bath Robes,Satin and Lace Bathrobe,Mainstays Satin Bathrobe,Brobe,2,$80 ,1
de6yq1u8@nittybiz.com,909,Bath Robes,Waffled Bathrobe,Mainstays Waffled Bathrobe,Brobe,3,$120 ,1
zvpntdr2@nittybiz.com,915,Bath Robes,Waffled Bathrobe,Mainstays Waffled Bathrobe,Brobe,5,$200 ,0
3v694bnh@nittybiz.com,1065,Bath Robes,Washed Linen Bathrobe,Mainstays Linen Bathrobe,Brobe,3,$120 ,1
45utmgbl@nittybiz.com,1125,Bath Robes,Satin and Lace Bathrobe,Mainstays Satin Bathrobe,Brobe,5,$200 ,1
6aunogko@nittybiz.com,1146,Bath Robes,Waffled Bathrobe,Mainstays Waffled Bathrobe,Brobe,1,$40 ,1
59fnz3q8@nittybiz.com,1401,Bath Robes,Satin and Lace Bathrobe,Mainstays Satin Bathrobe,Brobe,5,$200 ,1
9jon2o3m@nittybiz.com,2565,Bath Robes,Washed Linen Bathrobe,Mainstays Linen Bathrobe,Linen Bathrobe,2,$80 ,1
bkdv6bkm@nittybiz.com,2597,Bath Robes,Washed Linen Bathrobe,Mainstays Linen Bathrobe,Brobe,5,$200 ,1
6ukxsosp@nittybiz.com,2,Beauty Products,Retractable Rouge Gel Lip Liner,Sephora Rouge Gel Lip Liner,Lip Liner,2,$40 ,1
dgthm6hl@nittybiz.com,31,Beauty Products,Liquid Touch Concealer Brush,Rare Beauty Liquid Touch Brush,Makeup Brush,4,$60 ,1
zojf0nm8@nittybiz.com,44,Beauty Products,Retractable Rouge Gel Lip Liner,Sephora Rouge Gel Lip Liner,Lip Liner,5,$100 ,1
4ri5qo3a@nittybiz.com,61,Beauty Products,Retractable Rouge Gel Lip Liner,Sephora Rouge Gel Lip Liner,Lip Liner,1,$20 ,1
oz8bjl6h@nittybiz.com,102,Beauty Products,Liquid Touch Concealer Brush,Rare Beauty Liquid Touch Brush,Makeup Brush,5,$75 ,1
e868bfv6@nittybiz.com,104,Beauty Products,Liquid Touch Concealer Brush,Rare Beauty Liquid Touch Brush,Makeup Brush,2,$30 ,1
379vpw5z@nittybiz.com,113,Beauty Products,Retractable Rouge Gel Lip Liner,Sephora Rouge Gel Lip Liner,Lip Liner,1,$20 ,1
p0a3s2qt@nittybiz.com,154,Beauty Products,Retractable Rouge Gel Lip Liner,Sephora Rouge Gel Lip Liner,Lip Liner,1,$20 ,1
cphemvde@nittybiz.com,229,Beauty Products,Liquid Touch Concealer Brush,Rare Beauty Liquid Touch Brush,Makeup Brush,3,$45 ,1
913uhuo1@nittybiz.com,263,Beauty Products,Liquid Touch Concealer Brush,Rare Beauty Liquid Touch Brush,Makeup Brush,1,$15 ,1
rv163xs1@nittybiz.com,294,Beauty Products,Retractable Rouge Gel Lip Liner,Sephora Rouge Gel Lip Liner,Lip Liner,4,$80 ,1
19jwlilz@nittybiz.com,589,Beauty Products,Liquid Touch Concealer Brush,Rare Beauty Liquid Touch Brush,Makeup Brush,3,$45 ,1
b5oqhnp1@nittybiz.com,855,Beauty Products,Satin and Lace Bathrobe,Lotus SuperProtector Sunscreen,Sunscreen,5,$125 ,1
6c4itc5r@nittybiz.com,900,Beauty Products,Hollywood Flawless Filter,Loreal Foundation Supreme,Foundation,4,$80 ,1
wcp7wwbz@nittybiz.com,1080,Beauty Products,Retractable Rouge Gel Lip Liner,Sephora Rouge Gel Lip Liner,Lip Liner,1,$20 ,1
qn2f1kxn@nittybiz.com,1221,Beauty Products,Hollywood Flawless Filter,Loreal Foundation Supreme,Foundation,1,$20 ,1
45xv0vdh@nittybiz.com,1242,Beauty Products,Liquid Touch Concealer Brush,Rare Beauty Liquid Touch Brush,Makeup Brush,5,$75 ,1
w19jb37p@nittybiz.com,1272,Beauty Products,Retractable Rouge Gel Lip Liner,Sephora Rouge Gel Lip Liner,Lip Liner,3,$60 ,1
q49hhbe5@nittybiz.com,1332,Beauty Products,Retractable Rouge Gel Lip Liner,Sephora Rouge Gel Lip Liner,Lip Liner,1,$20 ,1
0k3lk8de@nittybiz.com,1725,Beauty Products,Liquid Touch Concealer Brush,Rare Beauty Liquid Touch Brush,Makeup Brush,1,$15 ,1
iyw0sh5a@nittybiz.com,1833,Beauty Products,Liquid Touch Concealer Brush,Rare Beauty Liquid Touch Brush,Makeup Brush,2,$30 ,1
awc3z15v@nittybiz.com,1993,Beauty Products,Liquid Touch Concealer Brush,Rare Beauty Liquid Touch Brush,Makeup Brush,5,$75 ,1
all72uvt@nittybiz.com,2005,Beauty Products,Liquid Touch Concealer Brush,Rare Beauty Liquid Touch Brush,Makeup Brush,4,$60 ,1
rlh3kprv@nittybiz.com,2049,Beauty Products,Retractable Rouge Gel Lip Liner,Sephora Rouge Gel Lip Liner,Lip Liner,1,$20 ,1
fksyyib1@nittybiz.com,2141,Beauty Products,Liquid Touch Concealer Brush,Rare Beauty Liquid Touch Brush,Makeup Brush,3,$45 ,1
5l64jh76@nittybiz.com,2213,Beauty Products,Retractable Rouge Gel Lip Liner,Sephora Rouge Gel Lip Liner,Lip Liner,1,$20 ,1
d0iypbw6@nittybiz.com,2265,Beauty Products,Retractable Rouge Gel Lip Liner,Sephora Rouge Gel Lip Liner,Lip Liner,5,$100 ,1
eg5aq46k@nittybiz.com,2269,Beauty Products,Liquid Touch Concealer Brush,Rare Beauty Liquid Touch Brush,Makeup Brush,3,$45 ,1
clraetze@nittybiz.com,2313,Beauty Products,Retractable Rouge Gel Lip Liner,Sephora Rouge Gel Lip Liner,Lip Liner,4,$80 ,1
sh9sfkik@nittybiz.com,2401,Beauty Products,Retractable Rouge Gel Lip Liner,Sephora Rouge Gel Lip Liner,Lip Liner,1,$20 ,1
89vn2ab6@nittybiz.com,2417,Beauty Products,Retractable Rouge Gel Lip Liner,Sephora Rouge Gel Lip Liner,Lip Liner,5,$100 ,1
97tnobrn@nittybiz.com,777,Beef & Lamb,Beef Ribeye Steak,Ribeye,Ready to Cook Ribeye,4,$140 ,1
f2km9vys@nittybiz.com,2553,Beef & Lamb,Beef Ribeye Steak,Ribeye,Ready to Cook Ribeye,4,$140 ,1
mj5ph3ae@nittybiz.com,19,Bodysuits,Ribbed Turtleneck Bodysuit,Wilde Black Ribbed Long Sleeve Mock Neck Bodysuit,Turtleneck tee,5,$600 ,1
4cvc3lhy@nittybiz.com,24,Bodysuits,Ribbed Turtleneck Bodysuit,Wilde Black Ribbed Long Sleeve Mock Neck Bodysuit,Turtleneck tee,4,$480 ,1
mdhr46fg@nittybiz.com,35,Bodysuits,Ribbed Turtleneck Bodysuit,Wilde Black Ribbed Long Sleeve Mock Neck Bodysuit,Turtleneck tee,4,$480 ,1
9yari9cy@nittybiz.com,66,Bodysuits,Ribbed Turtleneck Bodysuit,Wilde Black Ribbed Long Sleeve Mock Neck Bodysuit,Turtleneck tee,1,$120 ,1
9wq5qak7@nittybiz.com,221,Bodysuits,Ribbed Turtleneck Bodysuit,Wilde Black Ribbed Long Sleeve Mock Neck Bodysuit,Turtleneck tee,3,$360 ,1
nga0qt9n@nittybiz.com,225,Bodysuits,Ribbed Turtleneck Bodysuit,Wilde Black Ribbed Long Sleeve Mock Neck Bodysuit,Turtleneck tee,1,$120 ,1
bxrg4p68@nittybiz.com,270,Bodysuits,Ribbed Turtleneck Bodysuit,Wilde Black Ribbed Long Sleeve Mock Neck Bodysuit,Turtleneck tee,2,$240 ,0
ixte3esg@nittybiz.com,271,Bodysuits,Ribbed Turtleneck Bodysuit,Wilde Black Ribbed Long Sleeve Mock Neck Bodysuit,Turtleneck tee,2,$240 ,1
uatpfu00@nittybiz.com,353,Bodysuits,Ribbed Turtleneck Bodysuit,Wilde Black Ribbed Long Sleeve Mock Neck Bodysuit,Turtleneck tee,5,$600 ,1
ihaqa4ao@nittybiz.com,392,Bodysuits,Ribbed Turtleneck Bodysuit,Wilde Black Ribbed Long Sleeve Mock Neck Bodysuit,Turtleneck tee,4,$480 ,0
83znfeit@nittybiz.com,395,Bodysuits,Ribbed Turtleneck Bodysuit,Wilde Black Ribbed Long Sleeve Mock Neck Bodysuit,Turtleneck tee,5,$600 ,1
l79d4vvc@nittybiz.com,1605,Bodysuits,Ribbed Turtleneck Bodysuit,Wilde Black Ribbed Long Sleeve Mock Neck Bodysuit,Turtleneck tee,2,$240 ,1
rns0p9wi@nittybiz.com,1621,Bodysuits,Ribbed Turtleneck Bodysuit,Wilde Black Ribbed Long Sleeve Mock Neck Bodysuit,Turtleneck tee,1,$120 ,1
1vqeztg8@nittybiz.com,1717,Bodysuits,Ribbed Turtleneck Bodysuit,Wilde Black Ribbed Long Sleeve Mock Neck Bodysuit,Turtleneck tee,4,$480 ,1
huuto42q@nittybiz.com,1729,Bodysuits,Ribbed Turtleneck Bodysuit,Wilde Black Ribbed Long Sleeve Mock Neck Bodysuit,Turtleneck tee,4,$480 ,1
b2ayk7c3@nittybiz.com,1737,Bodysuits,Ribbed Turtleneck Bodysuit,Wilde Black Ribbed Long Sleeve Mock Neck Bodysuit,Turtleneck tee,4,$480 ,1
yrqja0yj@nittybiz.com,1773,Bodysuits,Ribbed Turtleneck Bodysuit,Wilde Black Ribbed Long Sleeve Mock Neck Bodysuit,Turtleneck tee,1,$120 ,1
5ghq3k3x@nittybiz.com,1813,Bodysuits,Ribbed Turtleneck Bodysuit,Wilde Black Ribbed Long Sleeve Mock Neck Bodysuit,Turtleneck tee,3,$360 ,1
ovy1j61u@nittybiz.com,1921,Bodysuits,Ribbed Turtleneck Bodysuit,Wilde Black Ribbed Long Sleeve Mock Neck Bodysuit,Turtleneck tee,2,$240 ,1
zi9vgbzq@nittybiz.com,1929,Bodysuits,Ribbed Turtleneck Bodysuit,Wilde Black Ribbed Long Sleeve Mock Neck Bodysuit,Turtleneck tee,5,$600 ,1
r7ezudxl@nittybiz.com,2053,Bodysuits,Ribbed Turtleneck Bodysuit,Wilde Black Ribbed Long Sleeve Mock Neck Bodysuit,Turtleneck tee,5,$600 ,1
vp0aljzr@nittybiz.com,2189,Bodysuits,Ribbed Turtleneck Bodysuit,Wilde Black Ribbed Long Sleeve Mock Neck Bodysuit,Turtleneck tee,2,$240 ,1
52pg6bnu@nittybiz.com,5,Brushes & Applicators,Liquid Touch Concealer Brush,Rare Beauty Liquid Touch Brush,Makeup Brush,2,$30 ,1
pt7ut8rp@nittybiz.com,38,Brushes & Applicators,Liquid Touch Concealer Brush,Rare Beauty Liquid Touch Brush,Makeup Brush,1,$15 ,1
654wn1b1@nittybiz.com,39,Brushes & Applicators,Liquid Touch Concealer Brush,Rare Beauty Liquid Touch Brush,Makeup Brush,5,$75 ,1
n5l2msvz@nittybiz.com,51,Brushes & Applicators,Liquid Touch Concealer Brush,Rare Beauty Liquid Touch Brush,Makeup Brush,2,$30 ,1
1o5ufd2t@nittybiz.com,79,Brushes & Applicators,Liquid Touch Concealer Brush,Rare Beauty Liquid Touch Brush,Makeup Brush,2,$30 ,1
55hn4lyr@nittybiz.com,156,Brushes & Applicators,Liquid Touch Concealer Brush,Rare Beauty Liquid Touch Brush,Makeup Brush,2,$30 ,1
pftki64o@nittybiz.com,167,Brushes & Applicators,Liquid Touch Concealer Brush,Rare Beauty Liquid Touch Brush,Makeup Brush,3,$45 ,1
ki074wlw@nittybiz.com,185,Brushes & Applicators,Liquid Touch Concealer Brush,Rare Beauty Liquid Touch Brush,Makeup Brush,3,$45 ,1
yb5sveah@nittybiz.com,200,Brushes & Applicators,Liquid Touch Concealer Brush,Rare Beauty Liquid Touch Brush,Makeup Brush,1,$15 ,1
jo54pxwe@nittybiz.com,236,Brushes & Applicators,Liquid Touch Concealer Brush,Rare Beauty Liquid Touch Brush,Makeup Brush,4,$60 ,1
h9ntiv5v@nittybiz.com,242,Brushes & Applicators,Liquid Touch Concealer Brush,Rare Beauty Liquid Touch Brush,Makeup Brush,5,$75 ,1
bzessnyb@nittybiz.com,246,Brushes & Applicators,Liquid Touch Concealer Brush,Rare Beauty Liquid Touch Brush,Makeup Brush,1,$15 ,1
rv43jxjb@nittybiz.com,269,Brushes & Applicators,Liquid Touch Concealer Brush,Rare Beauty Liquid Touch Brush,Makeup Brush,1,$15 ,1
m9s0dx9r@nittybiz.com,282,Brushes & Applicators,Liquid Touch Concealer Brush,Rare Beauty Liquid Touch Brush,Makeup Brush,2,$30 ,1
2qltm9jk@nittybiz.com,284,Brushes & Applicators,Liquid Touch Concealer Brush,Rare Beauty Liquid Touch Brush,Makeup Brush,4,$60 ,1
24wucbwz@nittybiz.com,315,Brushes & Applicators,Liquid Touch Concealer Brush,Rare Beauty Liquid Touch Brush,Makeup Brush,4,$60 ,1
19y4kegq@nittybiz.com,326,Brushes & Applicators,Liquid Touch Concealer Brush,Rare Beauty Liquid Touch Brush,Makeup Brush,4,$60 ,1
i69a44tz@nittybiz.com,352,Brushes & Applicators,Liquid Touch Concealer Brush,Rare Beauty Liquid Touch Brush,Makeup Brush,4,$60 ,1
asexiifs@nittybiz.com,369,Brushes & Applicators,Liquid Touch Concealer Brush,Rare Beauty Liquid Touch Brush,Makeup Brush,2,$30 ,1
qh840yvn@nittybiz.com,981,Brushes & Applicators,Liquid Touch Concealer Brush,Rare Beauty Liquid Touch Brush,Makeup Brush,5,$75 ,1
lrgq1l9l@nittybiz.com,1002,Brushes & Applicators,Liquid Touch Concealer Brush,Rare Beauty Liquid Touch Brush,Makeup Brush,4,$60 ,1
qu8mbx76@nittybiz.com,1026,Brushes & Applicators,Liquid Touch Concealer Brush,Rare Beauty Liquid Touch Brush,Makeup Brush,3,$45 ,1
iufyuw93@nittybiz.com,1137,Brushes & Applicators,Liquid Touch Concealer Brush,Rare Beauty Liquid Touch Brush,Makeup Brush,2,$30 ,1
48pwkn2e@nittybiz.com,1173,Brushes & Applicators,Liquid Touch Concealer Brush,Rare Beauty Liquid Touch Brush,Makeup Brush,3,$75 ,1
w69sbaj2@nittybiz.com,1266,Brushes & Applicators,Liquid Touch Concealer Brush,Rare Beauty Liquid Touch Brush,Makeup Brush,2,$30 ,1
uzk6g8ao@nittybiz.com,1383,Brushes & Applicators,Liquid Touch Concealer Brush,Rare Beauty Liquid Touch Brush,Makeup Brush,2,$30 ,1
9boe3o31@nittybiz.com,1389,Brushes & Applicators,Liquid Touch Concealer Brush,Rare Beauty Liquid Touch Brush,Makeup Brush,3,$45 ,1
9lmgsw7b@nittybiz.com,1601,Brushes & Applicators,Liquid Touch Concealer Brush,Rare Beauty Liquid Touch Brush,Makeup Brush,4,$60 ,1
zm30rl9n@nittybiz.com,1693,Brushes & Applicators,Liquid Touch Concealer Brush,Rare Beauty Liquid Touch Brush,Makeup Brush,3,$45 ,1
ij78s1vy@nittybiz.com,1753,Brushes & Applicators,Liquid Touch Concealer Brush,Rare Beauty Liquid Touch Brush,Makeup Brush,1,$15 ,1
i6sr9m8v@nittybiz.com,1757,Brushes & Applicators,Liquid Touch Concealer Brush,Rare Beauty Liquid Touch Brush,Makeup Brush,4,$60 ,1
dgtqav71@nittybiz.com,1817,Brushes & Applicators,Liquid Touch Concealer Brush,Rare Beauty Liquid Touch Brush,Makeup Brush,2,$30 ,1
u369pvn9@nittybiz.com,1865,Brushes & Applicators,Liquid Touch Concealer Brush,Rare Beauty Liquid Touch Brush,Makeup Brush,5,$75 ,1
pcgbwkld@nittybiz.com,1989,Brushes & Applicators,Liquid Touch Concealer Brush,Rare Beauty Liquid Touch Brush,Makeup Brush,4,$60 ,1
0rk45g5r@nittybiz.com,2009,Brushes & Applicators,Liquid Touch Concealer Brush,Rare Beauty Liquid Touch Brush,Makeup Brush,2,$30 ,1
woxvc7d2@nittybiz.com,2021,Brushes & Applicators,Liquid Touch Concealer Brush,Rare Beauty Liquid Touch Brush,Makeup Brush,5,$75 ,1
n9gn4a01@nittybiz.com,2025,Brushes & Applicators,Liquid Touch Concealer Brush,Rare Beauty Liquid Touch Brush,Makeup Brush,3,$45 ,1
l7l5llvj@nittybiz.com,2041,Brushes & Applicators,Liquid Touch Concealer Brush,Rare Beauty Liquid Touch Brush,Makeup Brush,5,$75 ,1
vjj2kgza@nittybiz.com,2073,Brushes & Applicators,Liquid Touch Concealer Brush,Rare Beauty Liquid Touch Brush,Makeup Brush,4,$60 ,1
ofbh85yv@nittybiz.com,2097,Brushes & Applicators,Liquid Touch Concealer Brush,Rare Beauty Liquid Touch Brush,Makeup Brush,2,$30 ,0
dwvg8hjn@nittybiz.com,2173,Brushes & Applicators,Liquid Touch Concealer Brush,Rare Beauty Liquid Touch Brush,Makeup Brush,1,$15 ,1
1og4e531@nittybiz.com,2209,Brushes & Applicators,Liquid Touch Concealer Brush,Rare Beauty Liquid Touch Brush,Makeup Brush,1,$15 ,1
ab2yr5ue@nittybiz.com,2221,Brushes & Applicators,Liquid Touch Concealer Brush,Rare Beauty Liquid Touch Brush,Makeup Brush,4,$60 ,1
2mefi8tm@nittybiz.com,2245,Brushes & Applicators,Liquid Touch Concealer Brush,Rare Beauty Liquid Touch Brush,Makeup Brush,3,$45 ,1
uv1emfni@nittybiz.com,2253,Brushes & Applicators,Liquid Touch Concealer Brush,Rare Beauty Liquid Touch Brush,Makeup Brush,3,$45 ,1
k34n4a9o@nittybiz.com,2409,Brushes & Applicators,Liquid Touch Concealer Brush,Rare Beauty Liquid Touch Brush,Makeup Brush,2,$30 ,1
qah6k4x7@nittybiz.com,723,Cat Dry Food,Meow Mix Original Choice Dry Cat Food,MM OC Dry Cat Food,Healthy and Yummy,4,$200 ,1
2nkoge7g@nittybiz.com,2481,Cat Dry Food,Meow Mix Original Choice Dry Cat Food,MM OC Dry Cat Food,Healthy and Yummy,4,$200 ,1
qedoqhcp@nittybiz.com,4,Cell Phones,iPhone,13 Pro Max,New iPhone Model,5,"$5,500 ",1
dp1tjim1@nittybiz.com,9,Cell Phones,Samsung Galaxy,S22,Powerful Android,1,$850 ,1
ieeqwv0c@nittybiz.com,46,Cell Phones,Samsung Galaxy,S22,Powerful Android,1,$850 ,1
g1cyp1nl@nittybiz.com,52,Cell Phones,Samsung Galaxy,S22,Powerful Android,3,"$2,550 ",1
kmquv8ak@nittybiz.com,53,Cell Phones,iPhone,13 Pro Max,New iPhone Model,1,"$1,100 ",1
395v00cw@nittybiz.com,59,Cell Phones,Samsung Galaxy,S22,Powerful Android,1,$850 ,1
f34xjdg6@nittybiz.com,83,Cell Phones,Samsung Galaxy,S22,Powerful Android,5,"$4,250 ",1
jpdefout@nittybiz.com,89,Cell Phones,Samsung Galaxy,S22,Powerful Android,3,"$2,550 ",1
bp4w4zjm@nittybiz.com,111,Cell Phones,iPhone,13 Pro Max,New iPhone Model,3,"$3,300 ",1
u3vw7ex0@nittybiz.com,124,Cell Phones,iPhone,13 Pro Max,New iPhone Model,5,"$5,500 ",1
d98zl68g@nittybiz.com,174,Cell Phones,Samsung Galaxy,S22,Powerful Android,2,"$1,700 ",1
tqqwe4xh@nittybiz.com,175,Cell Phones,iPhone,13 Pro Max,New iPhone Model,1,"$1,100 ",1
lcaem61i@nittybiz.com,183,Cell Phones,iPhone,13 Pro Max,New iPhone Model,1,"$1,100 ",1
7fdlxodu@nittybiz.com,187,Cell Phones,Samsung Galaxy,S22,Powerful Android,2,"$1,700 ",1
rw8p0pnw@nittybiz.com,209,Cell Phones,iPhone,13 Pro Max,New iPhone Model,3,"$3,300 ",1
bimwjgq3@nittybiz.com,245,Cell Phones,iPhone,13 Pro Max,New iPhone Model,5,"$5,500 ",0
rinqojle@nittybiz.com,249,Cell Phones,iPhone,13 Pro Max,New iPhone Model,2,"$2,200 ",1
tsdo7hv4@nittybiz.com,261,Cell Phones,iPhone,13 Pro Max,New iPhone Model,3,"$3,300 ",1
nwecxcb7@nittybiz.com,276,Cell Phones,iPhone,13 Pro Max,New iPhone Model,2,"$2,200 ",1
tsnxlsyw@nittybiz.com,292,Cell Phones,iPhone,13 Pro Max,New iPhone Model,5,"$5,500 ",1
byvq0g8k@nittybiz.com,297,Cell Phones,Samsung Galaxy,S22,Powerful Android,4,"$3,400 ",1
wlxuqyvu@nittybiz.com,312,Cell Phones,Samsung Galaxy,S22,Powerful Android,4,"$3,400 ",1
wuza1zcf@nittybiz.com,323,Cell Phones,Samsung Galaxy,S22,Powerful Android,5,"$4,250 ",1
6z3oh8a6@nittybiz.com,381,Cell Phones,Samsung Galaxy,S22,Powerful Android,4,"$3,400 ",1
9ywdxbu5@nittybiz.com,384,Cell Phones,iPhone,13 Pro Max,New iPhone Model,1,"$1,100 ",1
5iihankf@nittybiz.com,396,Cell Phones,Samsung Galaxy,S22,Powerful Android,1,$850 ,1
3extr2b2@nittybiz.com,1617,Cell Phones,iPhone,13 Pro Max,New iPhone Model,5,"$5,500 ",1
kf15cfqe@nittybiz.com,1661,Cell Phones,iPhone,13 Pro Max,New iPhone Model,5,"$5,500 ",1
hw7wzesq@nittybiz.com,1709,Cell Phones,iPhone,13 Pro Max,New iPhone Model,5,"$5,500 ",1
x4x0duut@nittybiz.com,1733,Cell Phones,Samsung Galaxy,S23,Powerful Android,3,"$2,550 ",1
c3cx949v@nittybiz.com,1741,Cell Phones,Samsung Galaxy,S23,Powerful Android,1,$850 ,1
jghgmfjy@nittybiz.com,1765,Cell Phones,Samsung Galaxy,S23,Powerful Android,2,"$1,700 ",1
hratv2nm@nittybiz.com,1781,Cell Phones,Samsung Galaxy,S23,Powerful Android,2,"$1,700 ",1
juuw3nqe@nittybiz.com,1793,Cell Phones,Samsung Galaxy,S23,Powerful Android,1,$850 ,1
l0hgkxwi@nittybiz.com,1845,Cell Phones,Samsung Galaxy,S23,Powerful Android,5,"$4,250 ",1
hq8uspu0@nittybiz.com,1889,Cell Phones,Samsung Galaxy,S23,Powerful Android,4,"$3,400 ",1
t5ae0edt@nittybiz.com,1937,Cell Phones,Samsung Galaxy,S23,Powerful Android,1,$850 ,1
7p1vxkhd@nittybiz.com,1985,Cell Phones,iPhone,13 Pro Max,New iPhone Model,1,"$1,100 ",1
uanssq9b@nittybiz.com,2069,Cell Phones,Samsung Galaxy,S23,Powerful Android,5,"$4,250 ",1
t2z0u5t8@nittybiz.com,2125,Cell Phones,iPhone,13 Pro Max,New iPhone Model,1,"$1,100 ",1
5ujpgi31@nittybiz.com,2161,Cell Phones,iPhone,13 Pro Max,New iPhone Model,3,"$3,300 ",1
d2b0rkp1@nittybiz.com,2169,Cell Phones,iPhone,13 Pro Max,New iPhone Model,3,"$3,300 ",1
gjp9y2ps@nittybiz.com,2233,Cell Phones,Samsung Galaxy,S23,Powerful Android,1,$850 ,1
6kaymyog@nittybiz.com,2237,Cell Phones,iPhone,13 Pro Max,New iPhone Model,2,"$2,200 ",1
q4mas89d@nittybiz.com,2277,Cell Phones,iPhone,13 Pro Max,New iPhone Model,3,"$3,300 ",1
kofnd7uj@nittybiz.com,2281,Cell Phones,Samsung Galaxy,S23,Powerful Android,4,"$3,400 ",1
ca2eq3j6@nittybiz.com,2289,Cell Phones,iPhone,13 Pro Max,New iPhone Model,5,"$5,500 ",1
pgjm8gbd@nittybiz.com,2305,Cell Phones,iPhone,13 Pro Max,New iPhone Model,1,"$1,100 ",1
shfez27r@nittybiz.com,2353,Cell Phones,Samsung Galaxy,S22,Powerful Android,4,"$3,400 ",1
8wfniimf@nittybiz.com,2361,Cell Phones,iPhone,13 Pro Max,New iPhone Model,2,"$2,200 ",1
24mqhvfs@nittybiz.com,2381,Cell Phones,Samsung Galaxy,S23,Powerful Android,1,$850 ,1
gk8bhop2@nittybiz.com,2433,Cell Phones,iPhone,13 Pro Max,New iPhone Model,1,"$1,100 ",1
cez0lquy@nittybiz.com,10,Clothing,short skirts,Selby Mini Skirt,short skirts - Classic,1,$90 ,1
y4mjdnzi@nittybiz.com,15,Clothing,Ribbed Turtleneck Bodysuit,Wilde Black Ribbed Long Sleeve Mock Neck Bodysuit,Turtleneck tee,1,$120 ,1
na4zoyex@nittybiz.com,33,Clothing,short skirts,Selby Mini Skirt,short skirts - Classic,5,$450 ,1
tp4inh1t@nittybiz.com,91,Clothing,Ribbed Turtleneck Bodysuit,Wilde Black Ribbed Long Sleeve Mock Neck Bodysuit,Turtleneck tee,4,$480 ,1
9g1lrjk0@nittybiz.com,95,Clothing,short skirts,Selby Mini Skirt,short skirts - Classic,1,$90 ,1
0h9mx93c@nittybiz.com,106,Clothing,short skirts,Selby Mini Skirt,short skirts - Classic,3,$270 ,1
2k89pqb9@nittybiz.com,115,Clothing,short skirts,Selby Mini Skirt,short skirts - Classic,5,$450 ,1
zabe9967@nittybiz.com,126,Clothing,Oversized T-shirt,Skeleton Hand Print Oversized tee,Attractive tee,1,$110 ,1
xlh8imi9@nittybiz.com,157,Clothing,Oversized T-shirt,Skeleton Hand Print Oversized tee,Attractive tee,4,$440 ,1
jauaqc67@nittybiz.com,169,Clothing,short skirts,Selby Mini Skirt,short skirts - Classic,5,$450 ,1
wm1ckwsf@nittybiz.com,186,Clothing,Ribbed Turtleneck Bodysuit,Wilde Black Ribbed Long Sleeve Mock Neck Bodysuit,Turtleneck tee,3,$360 ,1
ilmqmtrq@nittybiz.com,188,Clothing,short skirts,Selby Mini Skirt,short skirts - Classic,5,$450 ,0
5sxhzb2u@nittybiz.com,198,Clothing,short skirts,Selby Mini Skirt,short skirts - Classic,5,$450 ,0
jnuzagtv@nittybiz.com,214,Clothing,short skirts,Selby Mini Skirt,short skirts - Classic,5,$450 ,1
94ibp2up@nittybiz.com,251,Clothing,short skirts,Selby Mini Skirt,short skirts - Classic,1,$90 ,1
cvx8bl0c@nittybiz.com,256,Clothing,short skirts,Selby Mini Skirt,short skirts - Classic,5,$450 ,1
q0tp7vzi@nittybiz.com,259,Clothing,short skirts,Selby Mini Skirt,short skirts - Classic,4,$360 ,1
6bdwv1dq@nittybiz.com,265,Clothing,short skirts,Selby Mini Skirt,short skirts - Classic,4,$360 ,1
j32pov6e@nittybiz.com,288,Clothing,Ribbed Turtleneck Bodysuit,Wilde Black Ribbed Long Sleeve Mock Neck Bodysuit,Turtleneck tee,4,$480 ,1
oifz6dql@nittybiz.com,291,Clothing,short skirts,Selby Mini Skirt,short skirts - Classic,3,$270 ,1
2w23vp3u@nittybiz.com,300,Clothing,short skirts,Selby Mini Skirt,short skirts - Classic,5,$450 ,1
hgl3trag@nittybiz.com,339,Clothing,short skirts,Selby Mini Skirt,short skirts - Classic,5,$450 ,1
1r5o5gnp@nittybiz.com,340,Clothing,short skirts,Selby Mini Skirt,short skirts - Classic,4,$360 ,1
98hxs4z3@nittybiz.com,343,Clothing,short skirts,Selby Mini Skirt,short skirts - Classic,4,$360 ,1
i3jncewo@nittybiz.com,355,Clothing,short skirts,Selby Mini Skirt,short skirts - Classic,4,$360 ,1
488r6rzb@nittybiz.com,358,Clothing,short skirts,Selby Mini Skirt,short skirts - Classic,4,$360 ,1
fqq8sjn6@nittybiz.com,394,Clothing,short skirts,Selby Mini Skirt,short skirts - Classic,1,$90 ,1
3qd19jgo@nittybiz.com,399,Clothing,short skirts,Selby Mini Skirt,short skirts - Classic,2,$180 ,1
y8nj2l4v@nittybiz.com,807,Clothing,leather,Ankle-length Leather Pants,Leather pants,4,$120 ,1
g3m40ca9@nittybiz.com,825,Clothing,leather,Ankle-length Leather Pants,Leather pants,3,$90 ,1
7sjxpl54@nittybiz.com,867,Clothing,Satin and Lace Bathrobe,Mainstays Satin Bathrobe,Brobe,1,$40 ,1
hwrpxghw@nittybiz.com,891,Clothing,Waffled Bathrobe,Mainstays Waffled Bathrobe,Brobe,3,$120 ,1
0p2f9hd4@nittybiz.com,960,Clothing,Long-sleeved Jersey Top,H&M Jersey Top,Cute Jersey Top,2,$60 ,1
4itqcii8@nittybiz.com,1038,Clothing,leather,Ankle-length Leather Pants,Leather pants,4,$120 ,1
f5y2bsdt@nittybiz.com,1044,Clothing,leather,Ankle-length Leather Pants,Leather pants,1,$30 ,1
zd8rqre8@nittybiz.com,1047,Clothing,leather,Ankle-length Leather Pants,Leather pants,1,$30 ,1
mbspi9bf@nittybiz.com,1053,Clothing,leather,Ankle-length Leather Pants,Leather pants,5,$150 ,1
k2ktwa9r@nittybiz.com,1056,Clothing,Waffled Bathrobe,Mainstays Waffled Bathrobe,Brobe,2,$80 ,1
w6j2qskm@nittybiz.com,1227,Clothing,skinny,Skinny High Jeans,Men's Jeans,4,$120 ,1
f6o4vlax@nittybiz.com,1254,Clothing,skinny,Skinny High Jeans,Men's Jeans,4,$120 ,1
rmior4gu@nittybiz.com,1329,Clothing,skinny,Skinny High Jeans,Men's Jeans,2,$60 ,1
mk0846yn@nittybiz.com,1338,Clothing,skinny,Skinny High Jeans,Men's Jeans,2,$60 ,1
glvpj5m0@nittybiz.com,1371,Clothing,skinny,Skinny High Jeans,Men's Jeans,2,$60 ,1
w975dn32@nittybiz.com,1386,Clothing,skinny,Skinny High Jeans,Men's Jeans,1,$30 ,1
8jd3aqng@nittybiz.com,1613,Clothing,Ribbed Turtleneck Bodysuit,Wilde Black Ribbed Long Sleeve Mock Neck Bodysuit,Turtleneck tee,4,$480 ,1
y7w0fu7z@nittybiz.com,1633,Clothing,short skirts,Selby Mini Skirt,short skirts - Classic,1,$90 ,1
28tu5lvm@nittybiz.com,1641,Clothing,short skirts,Selby Mini Skirt,short skirts - Classic,2,$180 ,1
cvs31lob@nittybiz.com,1657,Clothing,short skirts,Selby Mini Skirt,short skirts - Classic,4,$360 ,1
gdr4w1to@nittybiz.com,1701,Clothing,short skirts,Selby Mini Skirt,short skirts - Classic,1,$90 ,1
c8cbgk8k@nittybiz.com,1713,Clothing,short skirts,Selby Mini Skirt,short skirts - Classic,5,$450 ,1
fnzgsfjg@nittybiz.com,1745,Clothing,short skirts,Selby Mini Skirt,short skirts - Classic,5,$450 ,1
9xkq6lgt@nittybiz.com,1749,Clothing,short skirts,Selby Mini Skirt,short skirts - Classic,1,$90 ,1
y5iwu90o@nittybiz.com,1769,Clothing,short skirts,Selby Mini Skirt,short skirts - Classic,1,$90 ,0
5g8kgrus@nittybiz.com,1789,Clothing,short skirts,Selby Mini Skirt,short skirts - Classic,1,$90 ,1
vnslj7ns@nittybiz.com,1825,Clothing,Ribbed Turtleneck Bodysuit,Wilde Black Ribbed Long Sleeve Mock Neck Bodysuit,Turtleneck tee,4,$480 ,1
nq3g3ov8@nittybiz.com,1837,Clothing,Oversized T-shirt,Skeleton Hand Print Oversized tee,Attractive tee,4,$440 ,1
zu8h9csi@nittybiz.com,1857,Clothing,short skirts,Selby Mini Skirt,short skirts - Classic,3,$270 ,1
1w2k17j4@nittybiz.com,1941,Clothing,short skirts,Selby Mini Skirt,short skirts - Classic,5,$450 ,1
oh9u6bjc@nittybiz.com,1949,Clothing,short skirts,Selby Mini Skirt,short skirts - Classic,5,$450 ,1
ntfkbfmj@nittybiz.com,1953,Clothing,short skirts,Selby Mini Skirt,short skirts - Classic,4,$360 ,1
moxokdvd@nittybiz.com,1961,Clothing,short skirts,Selby Mini Skirt,short skirts - Classic,5,$450 ,1
jt4dyuqc@nittybiz.com,1965,Clothing,short skirts,Selby Mini Skirt,short skirts - Classic,4,$360 ,1
bntzgro5@nittybiz.com,1977,Clothing,short skirts,Selby Mini Skirt,short skirts - Classic,2,$180 ,1
utg4r4tu@nittybiz.com,2001,Clothing,short skirts,Selby Mini Skirt,short skirts - Classic,5,$450 ,1
gfhkw3r2@nittybiz.com,2057,Clothing,short skirts,Selby Mini Skirt,short skirts - Classic,4,$360 ,0
kecppm4i@nittybiz.com,2065,Clothing,Ribbed Turtleneck Bodysuit,Wilde Black Ribbed Long Sleeve Mock Neck Bodysuit,Turtleneck tee,3,$360 ,0
arjzqby4@nittybiz.com,2113,Clothing,short skirts,Selby Mini Skirt,short skirts - Classic,4,$360 ,1
jvt8szu9@nittybiz.com,2133,Clothing,short skirts,Selby Mini Skirt,short skirts - Classic,3,$270 ,1
9faqni8b@nittybiz.com,2137,Clothing,Oversized T-shirt,Skeleton Hand Print Oversized tee,Attractive tee,1,$110 ,1
ioj8jezy@nittybiz.com,2341,Clothing,short skirts,Selby Mini Skirt,short skirts - Classic,5,$450 ,1
1zcr4pvm@nittybiz.com,2385,Clothing,short skirts,Selby Mini Skirt,short skirts - Classic,5,$450 ,1
4sj8mdcs@nittybiz.com,2425,Clothing,Ribbed Turtleneck Bodysuit,Wilde Black Ribbed Long Sleeve Mock Neck Bodysuit,Turtleneck tee,1,$120 ,1
fbddjcro@nittybiz.com,2593,Clothing,leather,Ankle-length Leather Pants,Leather pants,4,$120 ,1
ry2e7iou@nittybiz.com,753,Cookies & Brownies,Marketside Bite Sized White Chocolate Macadamia Nut Cookies,Mac Nut Cookies,Delish Cookies,4,$20 ,1
ag25kks2@nittybiz.com,2521,Cookies & Brownies,Marketside Bite Sized White Chocolate Macadamia Nut Cookies,Mac Nut Cookies,Delish Cookies,4,$20 ,1
1haohc2d@nittybiz.com,29,Cooking Accessories,Mixing bowl,Mr.Mixing bowl,Bowl,3,$150 ,1
juo272hq@nittybiz.com,45,Cooking Accessories,Double boiler insert,Double boiler insert_for_all,Boiler,1,$35 ,1
lb0nks6g@nittybiz.com,76,Cooking Accessories,Double boiler insert,Double boiler insert_for_all,Boiler,4,$140 ,1
yav18cz2@nittybiz.com,112,Cooking Accessories,Double boiler insert,Double boiler insert_for_all,Boiler,2,$70 ,1
quvulr66@nittybiz.com,119,Cooking Accessories,Double boiler insert,Double boiler insert_for_all,Boiler,5,$175 ,1
kq7ml8ut@nittybiz.com,136,Cooking Accessories,Double boiler insert,Double boiler insert_for_all,Boiler,5,$175 ,1
4td0ig1r@nittybiz.com,145,Cooking Accessories,Double boiler insert,Double boiler insert_for_all,Boiler,4,$140 ,1
ohr19i5c@nittybiz.com,193,Cooking Accessories,Double boiler insert,Double boiler insert_for_all,Boiler,0,$70 ,2
yflz2016@nittybiz.com,317,Cooking Accessories,Double boiler insert,Double boiler insert_for_all,Boiler,5,$175 ,1
lwue740s@nittybiz.com,319,Cooking Accessories,Double boiler insert,Double boiler insert_for_all,Boiler,5,$175 ,1
hauhr55n@nittybiz.com,373,Cooking Accessories,Double boiler insert,Double boiler insert_for_all,Boiler,1,$35 ,1
5oc0oe9g@nittybiz.com,499,Cooking Accessories,Double boiler insert,Double boiler insert_for_all,Boiler,4,$140 ,1
avp4ccue@nittybiz.com,1609,Cooking Accessories,Double boiler insert,Double boiler insert_for_all,Boiler,5,$175 ,1
0jt0eva3@nittybiz.com,1653,Cooking Accessories,Mixing bowl,Mr.Mixing bowl,Bowl,3,$150 ,1
vhzle075@nittybiz.com,1669,Cooking Accessories,Double boiler insert,Double boiler insert_for_all,Boiler,4,$140 ,1
jjxac5tr@nittybiz.com,1677,Cooking Accessories,Double boiler insert,Double boiler insert_for_all,Boiler,1,$35 ,1
rklet00d@nittybiz.com,1805,Cooking Accessories,Double boiler insert,Double boiler insert_for_all,Boiler,2,$70 ,1
tz7174dx@nittybiz.com,1809,Cooking Accessories,Double boiler insert,Double boiler insert_for_all,Boiler,2,$70 ,1
cc5hmxpt@nittybiz.com,1861,Cooking Accessories,Double boiler insert,Double boiler insert_for_all,Boiler,3,$105 ,1
tcs22q99@nittybiz.com,1909,Cooking Accessories,Double boiler insert,Double boiler insert_for_all,Boiler,4,$140 ,1
07fzifg4@nittybiz.com,2077,Cooking Accessories,Double boiler insert,Double boiler insert_for_all,Boiler,5,$175 ,1
fno27fa7@nittybiz.com,2105,Cooking Accessories,Double boiler insert,Double boiler insert_for_all,Boiler,1,$35 ,1
iru20l7f@nittybiz.com,2257,Cooking Accessories,Double boiler insert,Double boiler insert_for_all,Boiler,0,$105 ,2
dcadeu33@nittybiz.com,2413,Cooking Accessories,Double boiler insert,Double boiler insert_for_all,Boiler,3,$105 ,1
vybwdwmb@nittybiz.com,732,Dog Wet Food,Blue Buffalo Tastefuls Salmon Pate Wet Cat Food for Adult Cats,BB TSP Wet Cat Food,Healthy and Yummy,3,$177 ,1
1pz2q8tv@nittybiz.com,2493,Dog Wet Food,Blue Buffalo Tastefuls Salmon Pate Wet Cat Food for Adult Cats,BB TSP Wet Cat Food,Healthy and Yummy,3,$177 ,1
9sbkndlc@nittybiz.com,750,Electric,GlareWheel EB-NTEC1 Green Commuting Electric Bike/Scooter,GW Electric Scooter,Economical ,3,$297 ,1
o9mxgnga@nittybiz.com,2517,Electric,GlareWheel EB-NTEC1 Green Commuting Electric Bike/Scooter,GW Electric Scooter,Economical ,2,$300 ,1
fzxvlm4z@nittybiz.com,161,Electrical Supplies,iPhone,13 Pro Max,New iPhone Model,1,"$1,100 ",1
4he9fall@nittybiz.com,244,Electrical Supplies,iPhone,13 Pro Max,New iPhone Model,1,"$1,100 ",1
jzrfg66w@nittybiz.com,363,Electrical Supplies,Samsung Galaxy,S22,Powerful Android,0,"$4,890 ",2
qo48o034@nittybiz.com,378,Electrical Supplies,iPhone,13 Pro Max,New iPhone Model,1,"$1,100 ",1
hgjutdrq@nittybiz.com,795,Electrical Supplies,Apple Watch SE,AW SE,Smart Watch,2,$458 ,1
zyyh09x8@nittybiz.com,816,Electrical Supplies,Apple Watch SE,AW SE,Smart Watch,3,$687 ,1
elun3qd4@nittybiz.com,828,Electrical Supplies,Apple Watch SE,AW SE,Smart Watch,1,$229 ,1
0w3oo7el@nittybiz.com,843,Electrical Supplies,Apple Watch SE,AW SE,Smart Watch,4,$916 ,1
89r68iu6@nittybiz.com,864,Electrical Supplies,Apple Watch SE,AW SE,Smart Watch,2,"$1,200 ",1
akswqblv@nittybiz.com,882,Electrical Supplies,Apple Watch SE,AW SE,Smart Watch,1,$229 ,1
usybnomw@nittybiz.com,888,Electrical Supplies,Apple Watch Series 6,AW S6,Smart Watch,5,"$1,445 ",1
fekjp7gn@nittybiz.com,903,Electrical Supplies,Apple Watch Series 6,AW S6,Smart Watch,1,$289 ,1
0varfbtf@nittybiz.com,906,Electrical Supplies,Apple Watch Series 6,AW S6,Smart Watch,3,$867 ,1
4yct3vvd@nittybiz.com,918,Electrical Supplies,Apple Watch Series 6,AW S6,Smart Watch,2,$578 ,1
7mxmften@nittybiz.com,927,Electrical Supplies,Apple Watch Series 6,AW S6,Smart Watch,0,$289 ,2
liar07z8@nittybiz.com,933,Electrical Supplies,Apple Watch Series 7,AW S7,Smart Watch,2,$840 ,1
6rf1mxw0@nittybiz.com,966,Electrical Supplies,Apple Watch Series 7,AW S7,Smart Watch,2,$840 ,1
a1ix96pz@nittybiz.com,990,Electrical Supplies,Apple Watch Series 7,AW S7,Smart Watch,4,"$1,680 ",1
x6odnn11@nittybiz.com,996,Electrical Supplies,AirPods,AirPods pro,Wireless earphones,5,$995 ,1
t8izmlk3@nittybiz.com,999,Electrical Supplies,AirPods,AirPods pro,Wireless earphones,0,$400 ,2
bw1zftej@nittybiz.com,1008,Electrical Supplies,AirPods,AirPods pro,Wireless earphones,1,$199 ,1
43mp0m46@nittybiz.com,1032,Electrical Supplies,AirPods,AirPods pro,Wireless earphones,2,$398 ,1
xqq8qsdi@nittybiz.com,1035,Electrical Supplies,AirPods,AirPods max,Wireless earphones,1,$250 ,1
ilg3j5zm@nittybiz.com,1071,Electrical Supplies,AirPods,AirPods max,Wireless earphones,4,"$1,000 ",1
2ccr4sn2@nittybiz.com,1104,Electrical Supplies,AirPods,AirPods max,Wireless earphones,4,"$1,000 ",1
1588x6sn@nittybiz.com,1107,Electrical Supplies,AirPods,AirPods max,Wireless earphones,5,"$1,250 ",1
ed6pmjjx@nittybiz.com,1128,Electrical Supplies,AirPods,AirPods max,Wireless earphones,1,$250 ,1
rhjx6rqz@nittybiz.com,1134,Electrical Supplies,"Samsung - 75"" Class 8000 Series LED 4K UHD Smart Tizen TV",Samsung Tizen,Smart TV,1,$750 ,1
g1qjs0g5@nittybiz.com,1149,Electrical Supplies,"Samsung - 75"" Class 8000 Series LED 4K UHD Smart Tizen TV",Samsung Tizen,Smart TV,2,"$1,500 ",1
fj6t673v@nittybiz.com,1170,Electrical Supplies,"Samsung - 75"" Class 8000 Series LED 4K UHD Smart Tizen TV",Samsung Tizen,Smart TV,1,$750 ,1
b3bk2v5h@nittybiz.com,1176,Electrical Supplies,"Samsung - 75"" Class 8000 Series LED 4K UHD Smart Tizen TV",Samsung Tizen,Smart TV,0,"$1,500 ",2
slrp2kzw@nittybiz.com,1200,Electrical Supplies,"Samsung - 75"" Class 8000 Series LED 4K UHD Smart Tizen TV",Samsung Tizen,Smart TV,2,"$1,500 ",1
v2a4qmvi@nittybiz.com,1203,Electrical Supplies,"Samsung - 75"" Class 8000 Series LED 4K UHD Smart Tizen TV",Samsung Tizen,Smart TV,1,$750 ,1
ks5g1219@nittybiz.com,1206,Electrical Supplies,"Samsung - 75"" Class 8000 Series LED 4K UHD Smart Tizen TV",Samsung Tizen,Smart TV,3,"$2,250 ",1
fgs4nanb@nittybiz.com,1209,Electrical Supplies,"Samsung - 75"" Class 8000 Series LED 4K UHD Smart Tizen TV",Samsung Tizen,Smart TV,1,$750 ,1
3kh9sgzk@nittybiz.com,1233,Electrical Supplies,"Samsung - 75"" Class 8000 Series LED 4K UHD Smart Tizen TV",Samsung Tizen,Smart TV,2,"$1,500 ",1
l1enqnzj@nittybiz.com,1257,Electrical Supplies,"Samsung - 75"" Class 8000 Series LED 4K UHD Smart Tizen TV",Samsung Tizen,Smart TV,1,$750 ,1
qedogvl2@nittybiz.com,1260,Electrical Supplies,"Samsung - 75"" Class 8000 Series LED 4K UHD Smart Tizen TV",Samsung Tizen,Smart TV,1,$750 ,1
whmh7by5@nittybiz.com,1263,Electrical Supplies,"Samsung - 75"" Class 8000 Series LED 4K UHD Smart Tizen TV",Samsung Tizen,Smart TV,1,$750 ,1
6nc1mo3y@nittybiz.com,1269,Electrical Supplies,"Insignia? - 65"" Class F30 Series LED 4K UHD Smart Fire TV",Insignia Fire,Smart TV,1,$550 ,1
mzwpp25e@nittybiz.com,1290,Electrical Supplies,"Insignia? - 65"" Class F30 Series LED 4K UHD Smart Fire TV",Insignia Fire,Smart TV,2,"$1,100 ",1
rd5p0dyx@nittybiz.com,1293,Electrical Supplies,"Insignia? - 65"" Class F30 Series LED 4K UHD Smart Fire TV",Insignia Fire,Smart TV,2,"$1,100 ",1
00cf6o2h@nittybiz.com,1296,Electrical Supplies,"Insignia? - 65"" Class F30 Series LED 4K UHD Smart Fire TV",Insignia Fire,Smart TV,2,"$1,100 ",1
7feuuef1@nittybiz.com,1299,Electrical Supplies,"Insignia? - 65"" Class F30 Series LED 4K UHD Smart Fire TV",Insignia Fire,Smart TV,2,"$1,100 ",1
dm3h1wvb@nittybiz.com,1302,Electrical Supplies,"Insignia? - 65"" Class F30 Series LED 4K UHD Smart Fire TV",Insignia Fire,Smart TV,3,"$1,650 ",1
z0cvf41i@nittybiz.com,1305,Electrical Supplies,"Insignia? - 65"" Class F30 Series LED 4K UHD Smart Fire TV",Insignia Fire,Smart TV,3,"$1,650 ",1
61jonx83@nittybiz.com,1311,Electrical Supplies,"Insignia? - 65"" Class F30 Series LED 4K UHD Smart Fire TV",Insignia Fire,Smart TV,3,"$1,650 ",1
xnqcllbr@nittybiz.com,1335,Electrical Supplies,"Insignia? - 65"" Class F30 Series LED 4K UHD Smart Fire TV",Insignia Fire,Smart TV,1,$550 ,1
ndqr7laa@nittybiz.com,1347,Electrical Supplies,"Insignia? - 65"" Class F30 Series LED 4K UHD Smart Fire TV",Insignia Fire,Smart TV,1,$550 ,1
p0yo7o76@nittybiz.com,1350,Electrical Supplies,"Insignia? - 65"" Class F30 Series LED 4K UHD Smart Fire TV",Insignia Fire,Smart TV,3,"$1,650 ",1
owyw669u@nittybiz.com,1353,Electrical Supplies,"Insignia? - 65"" Class F30 Series LED 4K UHD Smart Fire TV",Insignia Fire,Smart TV,2,"$1,100 ",1
v566glbs@nittybiz.com,1368,Electrical Supplies,"LG - 55"" Class NanoCell 90 Series LED 4K UHD Smart webOS TV",LG Nanocell,Smart TV,2,$798 ,1
g96icnqz@nittybiz.com,1404,Electrical Supplies,"LG - 55"" Class NanoCell 90 Series LED 4K UHD Smart webOS TV",LG Nanocell,Smart TV,2,$798 ,1
olo3lzc1@nittybiz.com,1407,Electrical Supplies,"LG - 55"" Class NanoCell 90 Series LED 4K UHD Smart webOS TV",LG Nanocell,Smart TV,1,$399 ,1
trv30mf8@nittybiz.com,1877,Electrical Supplies,iPhone,13 Pro Max,New iPhone Model,1,"$1,100 ",1
vivjibge@nittybiz.com,2033,Electrical Supplies,iPhone,13 Pro Max,New iPhone Model,1,"$1,100 ",1
iszcbmrv@nittybiz.com,2117,Electrical Supplies,Samsung Galaxy,S23,Powerful Android,6,"$4,250 ",1
me9lqszx@nittybiz.com,2157,Electrical Supplies,iPhone,13 Pro Max,New iPhone Model,1,"$1,100 ",1
5n16hqi1@nittybiz.com,2577,Electrical Supplies,Apple Watch SE,AW SE,Smart Watch,2,$458 ,1
dpx251fl@nittybiz.com,762,Exercise & Fitness,Costway Boxing Punching Bag w/Height Adjustable Stand Boxing Gloves,CB Punching Bag and Gloves,Game on!,4,"$1,120 ",1
ukgfote2@nittybiz.com,2533,Exercise & Fitness,Costway Boxing Punching Bag w/Height Adjustable Stand Boxing Gloves,CB Punching Bag and Gloves,Game on!,4,"$1,120 ",1
qzc56720@nittybiz.com,783,Face,Unseen Sunscreen SPF 40 PA+++,Lotus SuperProtector Sunscreen,Sunscreen,1,$25 ,1
1614pgh9@nittybiz.com,804,Face,Unseen Sunscreen SPF 40 PA+++,Lotus SuperProtector Sunscreen,Sunscreen,2,$50 ,1
h5slmxar@nittybiz.com,819,Face,Unseen Sunscreen SPF 40 PA+++,Lotus SuperProtector Sunscreen,Sunscreen,3,$75 ,1
l7t60q12@nittybiz.com,837,Face,Satin and Lace Bathrobe,Lotus SuperProtector Sunscreen,Sunscreen,4,$100 ,1
714u566r@nittybiz.com,852,Face,Waffled Bathrobe,Lotus SuperProtector Sunscreen,Sunscreen,5,$125 ,1
rbz6p1l5@nittybiz.com,876,Face,Hollywood Flawless Filter,Loreal Foundation Supreme,Foundation,3,$60 ,1
hgabsw78@nittybiz.com,897,Face,Hollywood Flawless Filter,Loreal Foundation Supreme,Foundation,5,$100 ,1
xfc0k3vo@nittybiz.com,945,Face,Hollywood Flawless Filter,Loreal Foundation Supreme,Foundation,2,$40 ,1
prg0a638@nittybiz.com,948,Face,Hollywood Flawless Filter,Loreal Foundation Supreme,Foundation,3,$60 ,1
1fr9vjj2@nittybiz.com,957,Face,Hollywood Flawless Filter,Loreal Foundation Supreme,Foundation,4,$80 ,1
a1rc1nvr@nittybiz.com,972,Face,Hollywood Flawless Filter,Loreal Foundation Supreme,Foundation,1,$20 ,1
jy8uorcv@nittybiz.com,1089,Face,Hollywood Flawless Filter,Loreal Foundation Supreme,Foundation,5,$100 ,1
1bdnwflh@nittybiz.com,1098,Face,Hollywood Flawless Filter,Loreal Foundation Supreme,Foundation,5,$100 ,1
fnz47cvw@nittybiz.com,1188,Face,Hollywood Flawless Filter,Loreal Foundation Supreme,Foundation,4,$80 ,1
k1na0550@nittybiz.com,1248,Face,Hollywood Flawless Filter,Loreal Foundation Supreme,Foundation,0,$20 ,2
4tjl2emw@nittybiz.com,1287,Face,Hollywood Flawless Filter,Loreal Foundation Supreme,Foundation,2,$40 ,1
7dopon14@nittybiz.com,1308,Face,Unseen Sunscreen SPF 40 PA+++,Lotus SuperProtector Sunscreen,Sunscreen,4,$100 ,1
oga2z1y6@nittybiz.com,2561,Face,Unseen Sunscreen SPF 40 PA+++,Lotus SuperProtector Sunscreen,Sunscreen,1,$25 ,1
dy5tzf7e@nittybiz.com,2589,Face,Unseen Sunscreen SPF 40 PA+++,Lotus SuperProtector Sunscreen,Sunscreen,2,$50 ,1
433l8tz5@nittybiz.com,771,Grocery,Farmland Fully Cooked Diced Ham,Diced Ham,Fully Cooked Ham,1,$12 ,1
03vth6xl@nittybiz.com,2545,Grocery,Farmland Fully Cooked Diced Ham,Diced Ham,Fully Cooked Ham,10,$12 ,1
p81wj05t@nittybiz.com,711,Health Care,Luden's Deliciously Soothing Throat Drops,Luden's Throat Drops,Soothing,5,$10 ,1
y8zqgect@nittybiz.com,2465,Health Care,Luden's Deliciously Soothing Throat Drops,Luden's Throat Drops,Soothing,5,$10 ,1
dx5ku9lj@nittybiz.com,936,High Cabinets,"High cabinet with shelves/2 doors, white/Hggeby white",Ikea WC - Haggeby White,Cabinets,3,$240 ,1
8bmus4kf@nittybiz.com,939,High Cabinets,"High cabinet with shelves/2 doors, white/Hggeby white",Ikea WC - Haggeby White,Cabinets,2,$160 ,1
s8n898fn@nittybiz.com,969,High Cabinets,"High cabinet with shelves/2 doors, white/Hggeby white",Ikea WC - Haggeby White,Cabinets,3,$240 ,1
xjihb0a3@nittybiz.com,993,High Cabinets,"High cabinet with shelves/2 doors, white/Hggeby white",Ikea WC - Haggeby White,Cabinets,1,$80 ,1
9w0id2ht@nittybiz.com,768,Indoor & Live Plants,Zen Peace Lily Plant - Spathyphyllium - Great House Plant,Lily Plant,House Plant,3,$36 ,1
s2zrhlt8@nittybiz.com,2541,Indoor & Live Plants,Zen Peace Lily Plant - Spathyphyllium - Great House Plant,Lily Plant,House Plant,3,$36 ,1
pzco8swc@nittybiz.com,16,Iphone,iPhone,13 Pro Max,New iPhone Model,0,"$3,300 ",2
hy3h674w@nittybiz.com,55,Iphone,iPhone,13 Pro Max,New iPhone Model,5,"$5,500 ",1
gtydz8pj@nittybiz.com,57,Iphone,iPhone,13 Pro Max,New iPhone Model,1,"$1,100 ",1
joae3pjt@nittybiz.com,77,Iphone,iPhone,13 Pro Max,New iPhone Model,4,"$4,400 ",1
qanalmqq@nittybiz.com,90,Iphone,iPhone,13 Pro Max,New iPhone Model,5,"$5,500 ",1
fhs18ulk@nittybiz.com,132,Iphone,iPhone,13 Pro Max,New iPhone Model,4,"$4,400 ",1
z609pjc8@nittybiz.com,199,Iphone,iPhone,13 Pro Max,New iPhone Model,3,"$3,300 ",1
r39vjdn1@nittybiz.com,223,Iphone,iPhone,13 Pro Max,New iPhone Model,5,"$5,500 ",1
uij2ycvv@nittybiz.com,260,Iphone,iPhone,13 Pro Max,New iPhone Model,5,"$5,500 ",1
55nn7jjd@nittybiz.com,299,Iphone,iPhone,13 Pro Max,New iPhone Model,2,"$2,200 ",1
1wfc9pph@nittybiz.com,376,Iphone,iPhone,13 Pro Max,New iPhone Model,4,"$4,400 ",1
yoboahog@nittybiz.com,391,Iphone,iPhone,13 Pro Max,New iPhone Model,3,"$3,300 ",1
k86y2bny@nittybiz.com,625,Iphone,iPhone,13 Pro Max,New iPhone Model,3,"$3,300 ",1
sq052f5z@nittybiz.com,1645,Iphone,iPhone,13 Pro Max,New iPhone Model,5,"$5,500 ",1
sjn93nvj@nittybiz.com,1761,Iphone,iPhone,13 Pro Max,New iPhone Model,4,"$4,400 ",1
6whrlscp@nittybiz.com,1885,Iphone,iPhone,13 Pro Max,New iPhone Model,4,"$4,400 ",1
98sekhz0@nittybiz.com,1901,Iphone,iPhone,13 Pro Max,New iPhone Model,2,"$2,200 ",1
0agly666@nittybiz.com,1933,Iphone,iPhone,13 Pro Max,New iPhone Model,3,"$3,300 ",1
pquy7evl@nittybiz.com,2029,Iphone,iPhone,13 Pro Max,New iPhone Model,3,"$3,300 ",1
6f0jtnsu@nittybiz.com,2089,Iphone,iPhone,13 Pro Max,New iPhone Model,5,"$5,500 ",1
hi9pt91s@nittybiz.com,2165,Iphone,iPhone,13 Pro Max,New iPhone Model,3,"$3,300 ",1
1w06mvq0@nittybiz.com,2201,Iphone,iPhone,13 Pro Max,New iPhone Model,4,"$4,400 ",1
40et192i@nittybiz.com,2241,Iphone,iPhone,13 Pro Max,New iPhone Model,3,"$3,300 ",1
wxp20zay@nittybiz.com,2285,Iphone,iPhone,13 Pro Max,New iPhone Model,5,"$5,500 ",1
5ncx85xb@nittybiz.com,2293,Iphone,iPhone,13 Pro Max,New iPhone Model,5,"$5,500 ",1
lgo55pq3@nittybiz.com,2337,Iphone,iPhone,13 Pro Max,New iPhone Model,3,"$3,300 ",1
bd18d2gd@nittybiz.com,714,Kidkraft Bancroft Wooden Playhouse,Kid Kraft WP,KK BC Wooden Playhouse,Kid's toys,2,$160 ,1
4ssthoji@nittybiz.com,2469,Kidkraft Bancroft Wooden Playhouse,Kid Kraft WP,KK BC Wooden Playhouse,Kid's toys,2,$160 ,1
kvwiolec@nittybiz.com,11,Kitchen & Appliances,Mixing bowl,Mr.Mixing bowl,Bowl,1,$50 ,1
redqrxzk@nittybiz.com,17,Kitchen & Appliances,Double boiler insert,Double boiler insert_for_all,Boiler,1,$35 ,1
zwjdf35h@nittybiz.com,63,Kitchen & Appliances,Mixing bowl,Mr.Mixing bowl,Bowl,2,$100 ,1
jq7c335n@nittybiz.com,103,Kitchen & Appliances,Mixing bowl,Mr.Mixing bowl,Bowl,4,$200 ,1
yqyk2saj@nittybiz.com,131,Kitchen & Appliances,Mixing bowl,Mr.Mixing bowl,Bowl,3,$150 ,1
7owvldjm@nittybiz.com,158,Kitchen & Appliances,Mixing bowl,Mr.Mixing bowl,Bowl,3,$150 ,1
8fkf3874@nittybiz.com,231,Kitchen & Appliances,Mixing bowl,Mr.Mixing bowl,Bowl,2,$100 ,1
z5sf047n@nittybiz.com,253,Kitchen & Appliances,Double boiler insert,Double boiler insert_for_all,Boiler,1,$70 ,1
bo51damk@nittybiz.com,316,Kitchen & Appliances,Double boiler insert,Double boiler insert_for_all,Boiler,4,$140 ,1
zr9gsquo@nittybiz.com,846,Kitchen & Appliances,"Wall cabinet w glass door/2 drawers, white/Torhamn ash",Ikea WC - White,Cabinets,1,$80 ,1
c9hq0xz6@nittybiz.com,963,Kitchen & Appliances,"High cabinet with shelves/2 doors, white/Hggeby white",Ikea WC - Haggeby White,Cabinets,3,$240 ,1
p20mfued@nittybiz.com,1005,Kitchen & Appliances,"Sink, black quartz composite",Black quartz Sink,Sinks,1,$99 ,1
cfnd5woh@nittybiz.com,1014,Kitchen & Appliances,"Sink, black quartz composite",Black quartz Sink,Sinks,5,$495 ,1
tbmz4l2c@nittybiz.com,1017,Kitchen & Appliances,"Sink, black quartz composite",Black quartz Sink,Sinks,5,$495 ,1
rxguo5j8@nittybiz.com,1041,Kitchen & Appliances,"Sink, black quartz composite",Black quartz Sink,Sinks,1,$297 ,1
gpnpmjys@nittybiz.com,1062,Kitchen & Appliances,"Sink, black quartz composite",Black quartz Sink,Sinks,2,$198 ,1
phsoqq54@nittybiz.com,1110,Kitchen & Appliances,"Apron front sink, white",White Apron Sink,Sinks,1,$99 ,1
2eo121gn@nittybiz.com,1116,Kitchen & Appliances,"Apron front sink, white",White Apron Sink,Sinks,1,$99 ,1
eu2r2tob@nittybiz.com,1152,Kitchen & Appliances,"Apron front sink, white",White Apron Sink,Sinks,5,$495 ,1
ft5br2p2@nittybiz.com,1158,Kitchen & Appliances,"Apron front sink, white",White Apron Sink,Sinks,3,$297 ,1
hrqk87m1@nittybiz.com,1161,Kitchen & Appliances,"Apron front sink, white",White Apron Sink,Sinks,2,$198 ,1
ep6zi5q0@nittybiz.com,1179,Kitchen & Appliances,Double bowl top mount sink,Top Mount Sink,Sinks,4,$396 ,1
op7wxksc@nittybiz.com,1191,Kitchen & Appliances,Double bowl top mount sink,Top Mount Sink,Sinks,1,$99 ,1
cj1kn5sj@nittybiz.com,1194,Kitchen & Appliances,Double bowl top mount sink,Top Mount Sink,Sinks,1,$99 ,0
4xdhjcby@nittybiz.com,1215,Kitchen & Appliances,Double bowl top mount sink,Top Mount Sink,Sinks,5,$495 ,1
x4u4xrhm@nittybiz.com,1230,Kitchen & Appliances,Double bowl top mount sink,Top Mount Sink,Sinks,4,$396 ,1
zyquc37u@nittybiz.com,1275,Kitchen & Appliances,Kitchen faucet with handspray,KF with HS,Faucets,1,$380 ,1
se6zwv48@nittybiz.com,1326,Kitchen & Appliances,Kitchen faucet with handspray,KF with HS,Faucets,0,$380 ,2
9i8gh3pm@nittybiz.com,1341,Kitchen & Appliances,Dual control kitchen faucet,DCKF,Faucets,1,$240 ,1
qwihw7yy@nittybiz.com,1362,Kitchen & Appliances,Dual control kitchen faucet,DCKF,Faucets,3,$720 ,1
8kr49w3j@nittybiz.com,1380,Kitchen & Appliances,Dual control kitchen faucet,DCKF,Faucets,4,$960 ,1
xlux3mbx@nittybiz.com,1392,Kitchen & Appliances,Kitchen faucet w sensor,KF with Sensor,Faucets,4,"$2,400 ",1
8wxvhelj@nittybiz.com,1849,Kitchen & Appliances,Double boiler insert,Double boiler insert_for_all,Boiler,2,$70 ,1
1xa910x4@nittybiz.com,1897,Kitchen & Appliances,Mixing bowl,Mr.Mixing bowl,Bowl,3,$150 ,1
4ek1623h@nittybiz.com,2017,Kitchen & Appliances,Mixing bowl,Mr.Mixing bowl,Bowl,4,$200 ,1
9jiod0zo@nittybiz.com,2081,Kitchen & Appliances,Double boiler insert,Double boiler insert_for_all,Boiler,4,$140 ,1
uykgpj48@nittybiz.com,2101,Kitchen & Appliances,Mixing bowl,Mr.Mixing bowl,Bowl,2,$100 ,1
ned3e967@nittybiz.com,2149,Kitchen & Appliances,Mixing bowl,Mr.Mixing bowl,Bowl,5,$250 ,1
y5zwyuf6@nittybiz.com,2321,Kitchen & Appliances,Mixing bowl,Mr.Mixing bowl,Bowl,3,$150 ,1
thzdaxzc@nittybiz.com,2365,Kitchen & Appliances,Mixing bowl,Mr.Mixing bowl,Bowl,1,$50 ,1
q4c9t5ie@nittybiz.com,2437,Kitchen & Appliances,Double boiler insert,Double boiler insert_for_all,Boiler,1,$35 ,1
nq9vh7mv@nittybiz.com,6,Kitchen & Cooking Accessories,Double boiler insert,Double boiler insert_for_all,Boiler,3,$105 ,1
nfopmqf7@nittybiz.com,13,Kitchen & Cooking Accessories,Mixing bowl,Mr.Mixing bowl,Bowl,4,$200 ,1
121qccaa@nittybiz.com,43,Kitchen & Cooking Accessories,Double boiler insert,Double boiler insert_for_all,Boiler,1,$35 ,1
p3iu9c1v@nittybiz.com,48,Kitchen & Cooking Accessories,Mixing bowl,Mr.Mixing bowl,Bowl,3,$150 ,1
3e8hfoco@nittybiz.com,70,Kitchen & Cooking Accessories,Mixing bowl,Mr.Mixing bowl,Bowl,3,$150 ,1
ff0iosxq@nittybiz.com,92,Kitchen & Cooking Accessories,Double boiler insert,Double boiler insert_for_all,Boiler,5,$175 ,1
7kqw6yz2@nittybiz.com,93,Kitchen & Cooking Accessories,Mixing bowl,Mr.Mixing bowl,Bowl,3,$150 ,1
tk2ez92k@nittybiz.com,108,Kitchen & Cooking Accessories,Double boiler insert,Double boiler insert_for_all,Boiler,5,$175 ,1
bbik14yi@nittybiz.com,140,Kitchen & Cooking Accessories,Mixing bowl,Mr.Mixing bowl,Bowl,2,$100 ,1
xo6053ng@nittybiz.com,168,Kitchen & Cooking Accessories,Mixing bowl,Mr.Mixing bowl,Bowl,5,$250 ,1
tvbcnqtd@nittybiz.com,180,Kitchen & Cooking Accessories,Double boiler insert,Double boiler insert_for_all,Boiler,4,$140 ,1
cgnx1666@nittybiz.com,215,Kitchen & Cooking Accessories,Mixing bowl,Mr.Mixing bowl,Bowl,0,$150 ,2
0ms4k7le@nittybiz.com,217,Kitchen & Cooking Accessories,Double boiler insert,Double boiler insert_for_all,Boiler,5,$175 ,1
9c58e9g2@nittybiz.com,218,Kitchen & Cooking Accessories,Mixing bowl,Mr.Mixing bowl,Bowl,1,$50 ,1
zx6994u4@nittybiz.com,224,Kitchen & Cooking Accessories,Double boiler insert,Double boiler insert_for_all,Boiler,1,$35 ,1
juhxghqh@nittybiz.com,237,Kitchen & Cooking Accessories,Mixing bowl,Mr.Mixing bowl,Bowl,5,$250 ,1
q7mc0mmm@nittybiz.com,254,Kitchen & Cooking Accessories,Mixing bowl,Mr.Mixing bowl,Bowl,2,$100 ,1
zn5aa5pp@nittybiz.com,278,Kitchen & Cooking Accessories,Mixing bowl,Mr.Mixing bowl,Bowl,3,$150 ,1
a9xc836v@nittybiz.com,289,Kitchen & Cooking Accessories,Double boiler insert,Double boiler insert_for_all,Boiler,4,$140 ,1
dq7ebcan@nittybiz.com,331,Kitchen & Cooking Accessories,Mixing bowl,Mr.Mixing bowl,Bowl,1,$50 ,1
48x0058d@nittybiz.com,699,Kitchen & Cooking Accessories,Mixing bowl,Mr.Mixing bowl,Bowl,1,$50 ,1
gyroj97m@nittybiz.com,1625,Kitchen & Cooking Accessories,Double boiler insert,Double boiler insert_for_all,Boiler,66,$105 ,1
au1d0xeg@nittybiz.com,1685,Kitchen & Cooking Accessories,Mixing bowl,Mr.Mixing bowl,Bowl,3,$150 ,1
5lu2kah8@nittybiz.com,1797,Kitchen & Cooking Accessories,Mixing bowl,Mr.Mixing bowl,Bowl,2,$100 ,1
e1ml1gek@nittybiz.com,1841,Kitchen & Cooking Accessories,Double boiler insert,Double boiler insert_for_all,Boiler,1,$35 ,1
3t8h6vs0@nittybiz.com,1873,Kitchen & Cooking Accessories,Mixing bowl,Mr.Mixing bowl,Bowl,1,$50 ,1
xpd1futt@nittybiz.com,1905,Kitchen & Cooking Accessories,Mixing bowl,Mr.Mixing bowl,Bowl,1,$50 ,1
gjpne4l7@nittybiz.com,1913,Kitchen & Cooking Accessories,Double boiler insert,Double boiler insert_for_all,Boiler,0,$175 ,2
x0g15t6v@nittybiz.com,1973,Kitchen & Cooking Accessories,Mixing bowl,Mr.Mixing bowl,Bowl,1,$50 ,1
mu5h7sjj@nittybiz.com,2045,Kitchen & Cooking Accessories,Double boiler insert,Double boiler insert_for_all,Boiler,5,$175 ,1
7x3cbnzw@nittybiz.com,2093,Kitchen & Cooking Accessories,Mixing bowl,Mr.Mixing bowl,Bowl,3,$150 ,1
mn0w5drk@nittybiz.com,2109,Kitchen & Cooking Accessories,Mixing bowl,Mr.Mixing bowl,Bowl,5,$250 ,1
h0jvw2ty@nittybiz.com,2145,Kitchen & Cooking Accessories,Double boiler insert,Double boiler insert_for_all,Boiler,5,$175 ,1
4rvcd4zd@nittybiz.com,2153,Kitchen & Cooking Accessories,Double boiler insert,Double boiler insert_for_all,Boiler,5,$175 ,1
vt8xkzyk@nittybiz.com,2177,Kitchen & Cooking Accessories,Mixing bowl,Mr.Mixing bowl,Bowl,3,$150 ,1
bvgo3p6x@nittybiz.com,2197,Kitchen & Cooking Accessories,Double boiler insert,Double boiler insert_for_all,Boiler,1,$35 ,1
gqpsyie2@nittybiz.com,2309,Kitchen & Cooking Accessories,Mixing bowl,Mr.Mixing bowl,Bowl,5,$250 ,1
53ibhrpk@nittybiz.com,2345,Kitchen & Cooking Accessories,Mixing bowl,Mr.Mixing bowl,Bowl,100,$200 ,1
fgoj0a63@nittybiz.com,2369,Kitchen & Cooking Accessories,Mixing bowl,Mr.Mixing bowl,Bowl,1,$50 ,1
yk3ntmak@nittybiz.com,2397,Kitchen & Cooking Accessories,Mixing bowl,Mr.Mixing bowl,Bowl,2,$100 ,1
3jbb47m7@nittybiz.com,2421,Kitchen & Cooking Accessories,Mixing bowl,Mr.Mixing bowl,Bowl,3,$150 ,1
5pv29ks0@nittybiz.com,2445,Kitchen & Cooking Accessories,Double boiler insert,Double boiler insert_for_all,Boiler,4,$140 ,1
qpwl0xg4@nittybiz.com,801,Kitchen Cabinets,"Wall cabinet with 2 doors30x15x40 """,Ikea WC - 2 doors,Cabinets,2,$160 ,1
ag55p29w@nittybiz.com,834,Kitchen Cabinets,"Wall cabinet w glass door/2 drawers, white/Torhamn ash",Ikea WC - White,Cabinets,3,$240 ,1
qyhgq5xq@nittybiz.com,840,Kitchen Cabinets,"Wall cabinet w glass door/2 drawers, white/Torhamn ash",Ikea WC - White,Cabinets,5,$400 ,1
leyo90sn@nittybiz.com,930,Kitchen Cabinets,"High cabinet with shelves/2 doors, white/Hggeby white",Ikea WC - Haggeby White,Cabinets,4,$320 ,1
wqtomc9b@nittybiz.com,954,Kitchen Cabinets,"High cabinet with shelves/2 doors, white/Hggeby white",Ikea WC - Haggeby White,Cabinets,4,$320 ,1
ikxjyppx@nittybiz.com,978,Kitchen Cabinets,"High cabinet with shelves/2 doors, white/Hggeby white",Ikea WC - Haggeby White,Cabinets,2,$160 ,1
iesejsrr@nittybiz.com,987,Kitchen Cabinets,"High cabinet with shelves/2 doors, white/Hggeby white",Ikea WC - Haggeby White,Cabinets,2,$160 ,1
g72hbves@nittybiz.com,2585,Kitchen Cabinets,"Wall cabinet with 2 doors30x15x40 """,Ikea WC - 2 doors,Cabinets,2,$160 ,1
4sd2bxa0@nittybiz.com,1011,Kitchen Faucets & Sinks,"Sink, black quartz composite",Black quartz Sink,Sinks,1,$99 ,1
p5bzo2s9@nittybiz.com,1020,Kitchen Faucets & Sinks,"Sink, black quartz composite",Black quartz Sink,Sinks,4,$396 ,1
6lhamvd0@nittybiz.com,1095,Kitchen Faucets & Sinks,"Sink, black quartz composite",Black quartz Sink,Sinks,1,$99 ,1
sqk13vc5@nittybiz.com,1140,Kitchen Faucets & Sinks,"Apron front sink, white",White Apron Sink,Sinks,3,$297 ,1
0k2b51v7@nittybiz.com,1143,Kitchen Faucets & Sinks,"Apron front sink, white",White Apron Sink,Sinks,4,$396 ,1
hh59vzaw@nittybiz.com,1164,Kitchen Faucets & Sinks,"Apron front sink, white",White Apron Sink,Sinks,5,$495 ,1
y7guteli@nittybiz.com,1197,Kitchen Faucets & Sinks,Double bowl top mount sink,Top Mount Sink,Sinks,3,$297 ,1
tmujyv7z@nittybiz.com,1251,Kitchen Faucets & Sinks,Kitchen faucet with handspray,KF with HS,Faucets,5,$760 ,1
6unh3vwr@nittybiz.com,1314,Kitchen Faucets & Sinks,Kitchen faucet with handspray,KF with HS,Faucets,1,$380 ,1
tp9ps0o3@nittybiz.com,1323,Kitchen Faucets & Sinks,Kitchen faucet with handspray,KF with HS,Faucets,1,$380 ,1
7yj0m0hy@nittybiz.com,1356,Kitchen Faucets & Sinks,Dual control kitchen faucet,DCKF,Faucets,2,$480 ,1
gz1569zs@nittybiz.com,1359,Kitchen Faucets & Sinks,Dual control kitchen faucet,DCKF,Faucets,2,$480 ,1
jas20ojo@nittybiz.com,1374,Kitchen Faucets & Sinks,Dual control kitchen faucet,DCKF,Faucets,3,$720 ,1
xqpxanar@nittybiz.com,1398,Kitchen Faucets & Sinks,Kitchen faucet w sensor,KF with Sensor,Faucets,1,$600 ,1
pcj3q4nm@nittybiz.com,72,Lip,Retractable Rouge Gel Lip Liner,Sephora Rouge Gel Lip Liner,Lip Liner,23,$40 ,1
6xjxxhiv@nittybiz.com,100,Lip,Retractable Rouge Gel Lip Liner,Sephora Rouge Gel Lip Liner,Lip Liner,4,$80 ,1
2ezf1965@nittybiz.com,142,Lip,Retractable Rouge Gel Lip Liner,Sephora Rouge Gel Lip Liner,Lip Liner,3,$60 ,1
umw2uqtn@nittybiz.com,162,Lip,Retractable Rouge Gel Lip Liner,Sephora Rouge Gel Lip Liner,Lip Liner,1,$20 ,1
xwlmvkto@nittybiz.com,177,Lip,Retractable Rouge Gel Lip Liner,Sephora Rouge Gel Lip Liner,Lip Liner,5,$100 ,1
3l401kwk@nittybiz.com,184,Lip,Retractable Rouge Gel Lip Liner,Sephora Rouge Gel Lip Liner,Lip Liner,5,$100 ,1
web5jrc7@nittybiz.com,222,Lip,Retractable Rouge Gel Lip Liner,Sephora Rouge Gel Lip Liner,Lip Liner,3,$60 ,1
gj78ov78@nittybiz.com,243,Lip,Retractable Rouge Gel Lip Liner,Sephora Rouge Gel Lip Liner,Lip Liner,2,$40 ,1
iglzcub8@nittybiz.com,285,Lip,Retractable Rouge Gel Lip Liner,Sephora Rouge Gel Lip Liner,Lip Liner,2,$40 ,1
pkxi1xvg@nittybiz.com,298,Lip,Retractable Rouge Gel Lip Liner,Sephora Rouge Gel Lip Liner,Lip Liner,4,$80 ,1
rncur5t9@nittybiz.com,314,Lip,Retractable Rouge Gel Lip Liner,Sephora Rouge Gel Lip Liner,Lip Liner,4,$80 ,1
qxzqtjfv@nittybiz.com,327,Lip,Retractable Rouge Gel Lip Liner,Sephora Rouge Gel Lip Liner,Lip Liner,3,$60 ,1
fhomn77d@nittybiz.com,345,Lip,Retractable Rouge Gel Lip Liner,Sephora Rouge Gel Lip Liner,Lip Liner,1,$20 ,1
1aup55nt@nittybiz.com,356,Lip,Retractable Rouge Gel Lip Liner,Sephora Rouge Gel Lip Liner,Lip Liner,3,$60 ,1
em179vgg@nittybiz.com,382,Lip,Retractable Rouge Gel Lip Liner,Sephora Rouge Gel Lip Liner,Lip Liner,2,$40 ,1
mf5hcigj@nittybiz.com,400,Lip,Retractable Rouge Gel Lip Liner,Sephora Rouge Gel Lip Liner,Lip Liner,3,$60 ,1
06fxktk7@nittybiz.com,600,Lip,Retractable Rouge Gel Lip Liner,Sephora Rouge Gel Lip Liner,Lip Liner,5,$100 ,1
io00ae13@nittybiz.com,1050,Lip,Retractable Rouge Gel Lip Liner,Sephora Rouge Gel Lip Liner,Lip Liner,4,$80 ,1
kff1dn76@nittybiz.com,1059,Lip,Retractable Rouge Gel Lip Liner,Sephora Rouge Gel Lip Liner,Lip Liner,4,$80 ,1
jjmlg71k@nittybiz.com,1068,Lip,Retractable Rouge Gel Lip Liner,Sephora Rouge Gel Lip Liner,Lip Liner,2,$40 ,1
jatidcob@nittybiz.com,1077,Lip,Retractable Rouge Gel Lip Liner,Sephora Rouge Gel Lip Liner,Lip Liner,1,$20 ,1
wf6871ig@nittybiz.com,1101,Lip,Retractable Rouge Gel Lip Liner,Sephora Rouge Gel Lip Liner,Lip Liner,4,$80 ,1
o0y4c0e9@nittybiz.com,1113,Lip,Retractable Rouge Gel Lip Liner,Sephora Rouge Gel Lip Liner,Lip Liner,4,$80 ,1
q114foz8@nittybiz.com,1119,Lip,Retractable Rouge Gel Lip Liner,Sephora Rouge Gel Lip Liner,Lip Liner,4,$80 ,1
jlgti7yf@nittybiz.com,1155,Lip,Retractable Rouge Gel Lip Liner,Sephora Rouge Gel Lip Liner,Lip Liner,3,$60 ,1
hz5i2znk@nittybiz.com,1236,Lip,Retractable Rouge Gel Lip Liner,Sephora Rouge Gel Lip Liner,Lip Liner,5,$100 ,1
bmzy5ce9@nittybiz.com,1245,Lip,Retractable Rouge Gel Lip Liner,Sephora Rouge Gel Lip Liner,Lip Liner,3,$60 ,1
03gmd435@nittybiz.com,1278,Lip,Retractable Rouge Gel Lip Liner,Sephora Rouge Gel Lip Liner,Lip Liner,1,$20 ,1
wi3le16r@nittybiz.com,1284,Lip,Retractable Rouge Gel Lip Liner,Sephora Rouge Gel Lip Liner,Lip Liner,5,$100 ,1
si3nxc2p@nittybiz.com,1365,Lip,Retractable Rouge Gel Lip Liner,Sephora Rouge Gel Lip Liner,Lip Liner,4,$80 ,1
6t2a4ebn@nittybiz.com,1673,Lip,Retractable Rouge Gel Lip Liner,Sephora Rouge Gel Lip Liner,Lip Liner,0,$40 ,2
pexu40i8@nittybiz.com,1697,Lip,Retractable Rouge Gel Lip Liner,Sephora Rouge Gel Lip Liner,Lip Liner,3,$60 ,1
5pu45m1x@nittybiz.com,1853,Lip,Retractable Rouge Gel Lip Liner,Sephora Rouge Gel Lip Liner,Lip Liner,4,$80 ,1
j14t3o2t@nittybiz.com,1925,Lip,Retractable Rouge Gel Lip Liner,Sephora Rouge Gel Lip Liner,Lip Liner,3,$60 ,1
wdardtlr@nittybiz.com,1957,Lip,Retractable Rouge Gel Lip Liner,Sephora Rouge Gel Lip Liner,Lip Liner,1,$20 ,1
mnzbmrpy@nittybiz.com,1981,Lip,Retractable Rouge Gel Lip Liner,Sephora Rouge Gel Lip Liner,Lip Liner,3,$60 ,1
swog3oae@nittybiz.com,2013,Lip,Retractable Rouge Gel Lip Liner,Sephora Rouge Gel Lip Liner,Lip Liner,4,$80 ,1
ylx58ih1@nittybiz.com,2121,Lip,Retractable Rouge Gel Lip Liner,Sephora Rouge Gel Lip Liner,Lip Liner,2,$40 ,1
o8fi5hsm@nittybiz.com,2185,Lip,Retractable Rouge Gel Lip Liner,Sephora Rouge Gel Lip Liner,Lip Liner,5,$100 ,1
y4s8jzuj@nittybiz.com,2205,Lip,Retractable Rouge Gel Lip Liner,Sephora Rouge Gel Lip Liner,Lip Liner,3,$60 ,1
yra77wls@nittybiz.com,2261,Lip,Retractable Rouge Gel Lip Liner,Sephora Rouge Gel Lip Liner,Lip Liner,3,$60 ,1
58ygrg98@nittybiz.com,2273,Lip,Retractable Rouge Gel Lip Liner,Sephora Rouge Gel Lip Liner,Lip Liner,1,$20 ,1
yj1kxxg3@nittybiz.com,2301,Lip,Retractable Rouge Gel Lip Liner,Sephora Rouge Gel Lip Liner,Lip Liner,3,$60 ,1
qh9lc25c@nittybiz.com,2317,Lip,Retractable Rouge Gel Lip Liner,Sephora Rouge Gel Lip Liner,Lip Liner,5,$100 ,1
fbcmf6s9@nittybiz.com,2349,Lip,Retractable Rouge Gel Lip Liner,Sephora Rouge Gel Lip Liner,Lip Liner,2,$40 ,1
zqrxvk9e@nittybiz.com,2377,Lip,Retractable Rouge Gel Lip Liner,Sephora Rouge Gel Lip Liner,Lip Liner,3,$60 ,1
3hyxcv25@nittybiz.com,2393,Lip,Retractable Rouge Gel Lip Liner,Sephora Rouge Gel Lip Liner,Lip Liner,2,$40 ,1
m9d7qfi8@nittybiz.com,813,Long Sleeves,Long-sleeved Jersey Top,H&M Jersey Top,Cute Jersey Top,0,$150 ,2
e40eno75@nittybiz.com,942,Long Sleeves,Long-sleeved Jersey Top,H&M Jersey Top,Cute Jersey Top,5,$150 ,1
hhfm1rr6@nittybiz.com,984,Long Sleeves,Long-sleeved Jersey Top,H&M Jersey Top,Cute Jersey Top,5,$150 ,1
gqf9ne9d@nittybiz.com,1029,Long Sleeves,Long-sleeved Jersey Top,H&M Jersey Top,Cute Jersey Top,2,$60 ,1
9bnog5hd@nittybiz.com,1182,Long Sleeves,Long-sleeved Jersey Top,Gap Jersey Top,Cute Jersey Top,1,$30 ,1
gh4rmv4o@nittybiz.com,1218,Long Sleeves,Long-sleeved Jersey Top,Gap Jersey Top,Cute Jersey Top,3,$90 ,1
w41xvozo@nittybiz.com,74,Makeup,Liquid Touch Concealer Brush,Rare Beauty Liquid Touch Brush,Makeup Brush,4,$60 ,1
tusfose8@nittybiz.com,105,Makeup,Retractable Rouge Gel Lip Liner,Sephora Rouge Gel Lip Liner,Lip Liner,1,$20 ,1
jrb80qfc@nittybiz.com,109,Makeup,Liquid Touch Concealer Brush,Rare Beauty Liquid Touch Brush,Makeup Brush,5,$75 ,1
6v4rexqx@nittybiz.com,233,Makeup,Retractable Rouge Gel Lip Liner,Sephora Rouge Gel Lip Liner,Lip Liner,1,$20 ,1
3gtu2ycm@nittybiz.com,238,Makeup,Liquid Touch Concealer Brush,Rare Beauty Liquid Touch Brush,Makeup Brush,3,$75 ,1
g5pd93fs@nittybiz.com,264,Makeup,Liquid Touch Concealer Brush,Rare Beauty Liquid Touch Brush,Makeup Brush,5,$75 ,1
uao2a6dn@nittybiz.com,287,Makeup,Liquid Touch Concealer Brush,Rare Beauty Liquid Touch Brush,Makeup Brush,5,$75 ,1
xsqi0xb3@nittybiz.com,337,Makeup,Liquid Touch Concealer Brush,Rare Beauty Liquid Touch Brush,Makeup Brush,4,$60 ,1
itav1us6@nittybiz.com,375,Makeup,Liquid Touch Concealer Brush,Rare Beauty Liquid Touch Brush,Makeup Brush,3,$45 ,1
wvw7uarb@nittybiz.com,861,Makeup,Waffled Bathrobe,Lotus SuperProtector Sunscreen,Sunscreen,4,$100 ,1
37xl31tb@nittybiz.com,1074,Makeup,Retractable Rouge Gel Lip Liner,Sephora Rouge Gel Lip Liner,Lip Liner,2,$40 ,1
hhg1ky0p@nittybiz.com,1086,Makeup,Unseen Sunscreen SPF 40 PA+++,Lotus SuperProtector Sunscreen,Sunscreen,5,$125 ,1
u7jw8i7n@nittybiz.com,1092,Makeup,Hollywood Flawless Filter,Loreal Foundation Supreme,Foundation,1,$20 ,1
cxyb0smi@nittybiz.com,1212,Makeup,Retractable Rouge Gel Lip Liner,Sephora Rouge Gel Lip Liner,Lip Liner,1,$20 ,1
9uez9n55@nittybiz.com,1239,Makeup,Liquid Touch Concealer Brush,Rare Beauty Liquid Touch Brush,Makeup Brush,4,$60 ,1
ihpfofbf@nittybiz.com,1281,Makeup,Unseen Sunscreen SPF 40 PA+++,Lotus SuperProtector Sunscreen,Sunscreen,3,$75 ,1
utpqyyql@nittybiz.com,1317,Makeup,Hollywood Flawless Filter,Loreal Foundation Supreme,Foundation,5,$100 ,1
u4ddgkg0@nittybiz.com,1320,Makeup,Retractable Rouge Gel Lip Liner,Sephora Rouge Gel Lip Liner,Lip Liner,3,$60 ,1
xo4824mf@nittybiz.com,1344,Makeup,Retractable Rouge Gel Lip Liner,Sephora Rouge Gel Lip Liner,Lip Liner,2,$40 ,1
zrorp9q0@nittybiz.com,1377,Makeup,Liquid Touch Concealer Brush,Rare Beauty Liquid Touch Brush,Makeup Brush,1,$15 ,1
aais5yt5@nittybiz.com,1395,Makeup,Liquid Touch Concealer Brush,Rare Beauty Liquid Touch Brush,Makeup Brush,4,$60 ,1
dc1qp822@nittybiz.com,1629,Makeup,Liquid Touch Concealer Brush,Rare Beauty Liquid Touch Brush,Makeup Brush,5,$75 ,1
aq3beocp@nittybiz.com,1649,Makeup,Liquid Touch Concealer Brush,Rare Beauty Liquid Touch Brush,Makeup Brush,3,$45 ,1
y846ktsn@nittybiz.com,1705,Makeup,Liquid Touch Concealer Brush,Rare Beauty Liquid Touch Brush,Makeup Brush,5,$75 ,1
5sh110hm@nittybiz.com,1821,Makeup,Retractable Rouge Gel Lip Liner,Sephora Rouge Gel Lip Liner,Lip Liner,1,$20 ,1
bm5uj6lu@nittybiz.com,1893,Makeup,Liquid Touch Concealer Brush,Rare Beauty Liquid Touch Brush,Makeup Brush,5,$75 ,1
i1qlhflg@nittybiz.com,1969,Makeup,Liquid Touch Concealer Brush,Rare Beauty Liquid Touch Brush,Makeup Brush,5,$75 ,1
mvj151ml@nittybiz.com,1997,Makeup,Liquid Touch Concealer Brush,Rare Beauty Liquid Touch Brush,Makeup Brush,5,$75 ,1
dj725xvh@nittybiz.com,2217,Makeup,Retractable Rouge Gel Lip Liner,Sephora Rouge Gel Lip Liner,Lip Liner,1,$20 ,1
7p8hxvp6@nittybiz.com,2333,Makeup,Liquid Touch Concealer Brush,Rare Beauty Liquid Touch Brush,Makeup Brush,4,$60 ,1
77x4jvdu@nittybiz.com,765,Meat & Seafood,Fresh Wild Caught Snow Crab,Snow Crab,Fresh Snow Crab,2,$36 ,1
z8szfc1l@nittybiz.com,2537,Meat & Seafood,Fresh Wild Caught Snow Crab,Snow Crab,Fresh Snow Crab,2,$36 ,1
yqstubm4@nittybiz.com,84,Mixing & Measuring Tools,Mixing bowl,Mr.Mixing bowl,Bowl,45,$150 ,1
ostxc7kt@nittybiz.com,123,Mixing & Measuring Tools,Mixing bowl,Mr.Mixing bowl,Bowl,1,$50 ,1
65h5cxs5@nittybiz.com,160,Mixing & Measuring Tools,Mixing bowl,Mr.Mixing bowl,Bowl,4,$200 ,0
sj7tv2cn@nittybiz.com,204,Mixing & Measuring Tools,Mixing bowl,Mr.Mixing bowl,Bowl,5,$250 ,0
q8htxyal@nittybiz.com,255,Mixing & Measuring Tools,Mixing bowl,Mr.Mixing bowl,Bowl,1,$50 ,1
ioibop7n@nittybiz.com,286,Mixing & Measuring Tools,Mixing bowl,Mr.Mixing bowl,Bowl,3,$150 ,1
lbzx3gkz@nittybiz.com,293,Mixing & Measuring Tools,Mixing bowl,Mr.Mixing bowl,Bowl,5,$250 ,1
ncbql9ey@nittybiz.com,296,Mixing & Measuring Tools,Mixing bowl,Mr.Mixing bowl,Bowl,1,$50 ,1
dpz0612e@nittybiz.com,338,Mixing & Measuring Tools,Mixing bowl,Mr.Mixing bowl,Bowl,5,$250 ,1
02rvkdnj@nittybiz.com,349,Mixing & Measuring Tools,Mixing bowl,Mr.Mixing bowl,Bowl,3,$150 ,1
b3o4jl5q@nittybiz.com,366,Mixing & Measuring Tools,Mixing bowl,Mr.Mixing bowl,Bowl,5,$250 ,1
iti4y7vc@nittybiz.com,371,Mixing & Measuring Tools,Mixing bowl,Mr.Mixing bowl,Bowl,2,$100 ,1
wf0b1sbe@nittybiz.com,1785,Mixing & Measuring Tools,Mixing bowl,Mr.Mixing bowl,Bowl,1,$50 ,1
kshoftx1@nittybiz.com,1829,Mixing & Measuring Tools,Mixing bowl,Mr.Mixing bowl,Bowl,5,$250 ,1
4bckedwg@nittybiz.com,1881,Mixing & Measuring Tools,Mixing bowl,Mr.Mixing bowl,Bowl,3,$150 ,1
u4d1f8m8@nittybiz.com,1917,Mixing & Measuring Tools,Mixing bowl,Mr.Mixing bowl,Bowl,5,$250 ,1
podesh74@nittybiz.com,1945,Mixing & Measuring Tools,Mixing bowl,Mr.Mixing bowl,Bowl,3,$150 ,1
cc2jl3an@nittybiz.com,2037,Mixing & Measuring Tools,Mixing bowl,Mr.Mixing bowl,Bowl,1,$50 ,1
umndusg4@nittybiz.com,2129,Mixing & Measuring Tools,Mixing bowl,Mr.Mixing bowl,Bowl,2,$100 ,1
rjearsgf@nittybiz.com,2225,Mixing & Measuring Tools,Mixing bowl,Mr.Mixing bowl,Bowl,4,$200 ,1
pjyzseqf@nittybiz.com,2325,Mixing & Measuring Tools,Mixing bowl,Mr.Mixing bowl,Bowl,2,$100 ,1
txgt5bib@nittybiz.com,2373,Mixing & Measuring Tools,Mixing bowl,Mr.Mixing bowl,Bowl,3,$150 ,1
rx16irxm@nittybiz.com,2389,Mixing & Measuring Tools,Mixing bowl,Mr.Mixing bowl,Bowl,5,$250 ,1
0hee4456@nittybiz.com,2449,Mixing & Measuring Tools,Mixing bowl,Mr.Mixing bowl,Bowl,5,$250 ,1
mr6d5as8@nittybiz.com,744,Outdoor Decor,Outdoor 2-Piece Deep Seat Cushion,Deep Seat Cushion,Comfortable,5,$175 ,1
ywkmfhcj@nittybiz.com,2509,Outdoor Decor,Outdoor 2-Piece Deep Seat Cushion,Deep Seat Cushion,Comfortable,5,$175 ,1
6xx8uvkk@nittybiz.com,717,Pain Relievers,Tylenol Extra Strength Acetaminophen Rapid Release Gels,Tylenol Gel,Relieve Pain,100,$25 ,1
qdlsyxsd@nittybiz.com,2473,Pain Relievers,Tylenol Extra Strength Acetaminophen Rapid Release Gels,Tylenol Gel,Relieve Pain,5,$25 ,1
sfpxsi0v@nittybiz.com,780,Patio & Garden,lanterns,Chinese Lanterns,Beautiful in the sky,4,$80 ,1
7b5q76vq@nittybiz.com,2557,Patio & Garden,lanterns,Chinese Lanterns,Beautiful in the sky,4,$80 ,1
niiiwcoo@nittybiz.com,756,Patio Conversation Sets,Mainstays Tuscany Ridge Outdoor 4 Piece Wicker Conversation Set,Tuscany Ridge Conversation Set,4 Piece Conversation Set,2,$598 ,1
g6jc0iec@nittybiz.com,2525,Patio Conversation Sets,Mainstays Tuscany Ridge Outdoor 4 Piece Wicker Conversation Set,Tuscany Ridge Conversation Set,5 Piece Conversation Set,2,$598 ,1
w46ulwsp@nittybiz.com,729,Performance Nutrition,Body Fortress Super Advanced Whey Protein,BF SA Whey,Gains!,3,$297 ,1
r4l32l7u@nittybiz.com,2489,Performance Nutrition,Body Fortress Super Advanced Whey Protein,BF SA Whey,Gains!,3,$297 ,1
e7i49jy1@nittybiz.com,735,Pets,Blue Buffalo Freedom Chicken Dry Dog Food for Senior Dogs,BB FC Dry Dog Food,Healthy and Yummy,5,$345 ,1
io0y57rh@nittybiz.com,2497,Pets,Blue Buffalo Freedom Chicken Dry Dog Food for Senior Dogs,BB FC Dry Dog Food,Healthy and Yummy,5,$345 ,1
7rhehmh2@nittybiz.com,759,Pies,Patti LaBelle 8 inch Sweet Potato Pie,Sweet Potato Pie,Mouthwatering Pie,3,$24 ,1
nppup4wh@nittybiz.com,2529,Pies,Patti LaBelle 8 inch Sweet Potato Pie,Sweet Potato Pie,Mouthwatering Pie,3,$24 ,1
459qkiof@nittybiz.com,738,Playstation,Horizon: Forbidden West Launch Edition,Horizon: FW,Adventure MMO,3,$600 ,1
c20cuxc7@nittybiz.com,2501,Playstation,Horizon: Forbidden West Launch Edition,Horizon: FW,Adventure MMO,3,$600 ,1
or3q1o16@nittybiz.com,1,Samsung,Samsung Galaxy,S22,Powerful Android,4,"$3,400 ",1
f0xu8skb@nittybiz.com,65,Samsung,Samsung Galaxy,S22,Powerful Android,4,"$3,400 ",1
k9hz1bla@nittybiz.com,176,Samsung,Samsung Galaxy,S22,Powerful Android,1,$850 ,1
0tn7yl00@nittybiz.com,197,Samsung,Samsung Galaxy,S22,Powerful Android,0,"$3,400 ",2
1mx2arca@nittybiz.com,329,Samsung,Samsung Galaxy,S22,Powerful Android,1,$850 ,1
tzwdfn4j@nittybiz.com,330,Samsung,Samsung Galaxy,S22,Powerful Android,2,"$1,700 ",1
wxii0eo2@nittybiz.com,368,Samsung,Samsung Galaxy,S22,Powerful Android,2,"$1,700 ",1
lwcvhkqb@nittybiz.com,1681,Samsung,Samsung Galaxy,S23,Powerful Android,4,"$3,400 ",1
haun4p9f@nittybiz.com,1801,Samsung,Samsung Galaxy,S23,Powerful Android,4,"$3,400 ",1
dnt3cq0o@nittybiz.com,2061,Samsung,Samsung Galaxy,S23,Powerful Android,1,$850 ,1
yuaspxlg@nittybiz.com,2249,Samsung,Samsung Galaxy,S23,Powerful Android,1,$850 ,1
o3m8e5x5@nittybiz.com,2297,Samsung,Samsung Galaxy,S23,Powerful Android,2,"$1,700 ",1
94dzpnya@nittybiz.com,2357,Samsung,Samsung Galaxy,S22,Powerful Android,2,"$1,700 ",1
8qekser1@nittybiz.com,2429,Samsung,Samsung Galaxy,S23,Powerful Android,4,"$3,400 ",1
tot694bs@nittybiz.com,792,Sleepwear,Satin and Lace Bathrobe,Mainstays Satin Bathrobe,Satin Bathrobe,3,$120 ,1
g6ryq5dw@nittybiz.com,831,Sleepwear,Washed Linen Bathrobe,Mainstays Linen Bathrobe,Brobe,1,$40 ,1
wiwtof0s@nittybiz.com,858,Sleepwear,Washed Linen Bathrobe,Mainstays Linen Bathrobe,Brobe,2,$80 ,1
agxel21p@nittybiz.com,873,Sleepwear,Satin and Lace Bathrobe,Mainstays Satin Bathrobe,Brobe,5,$200 ,1
xd2mvr5d@nittybiz.com,879,Sleepwear,Satin and Lace Bathrobe,Mainstays Satin Bathrobe,Brobe,4,$160 ,1
eibfjuab@nittybiz.com,894,Sleepwear,Waffled Bathrobe,Mainstays Waffled Bathrobe,Brobe,1,$40 ,1
hlprully@nittybiz.com,912,Sleepwear,Waffled Bathrobe,Mainstays Waffled Bathrobe,Brobe,4,$160 ,1
gdp8ipyw@nittybiz.com,1083,Sleepwear,Waffled Bathrobe,Mainstays Waffled Bathrobe,Brobe,4,$160 ,1
cgb8pluf@nittybiz.com,1122,Sleepwear,Waffled Bathrobe,Mainstays Waffled Bathrobe,Brobe,1,$40 ,1
dil00biq@nittybiz.com,1131,Sleepwear,Waffled Bathrobe,Mainstays Waffled Bathrobe,Brobe,5,$200 ,1
2bd0t6rr@nittybiz.com,2573,Sleepwear,Satin and Lace Bathrobe,Mainstays Satin Bathrobe,Satin Bathrobe,3,$120 ,1
d0r4jnrw@nittybiz.com,71,T-Shirts,Oversized T-shirt,Skeleton Hand Print Oversized tee,Attractive tee,3,$330 ,1
gshy9ymk@nittybiz.com,240,T-Shirts,Oversized T-shirt,Skeleton Hand Print Oversized tee,Attractive tee,1,$110 ,1
758n0h7t@nittybiz.com,262,T-Shirts,Oversized T-shirt,Skeleton Hand Print Oversized tee,Attractive tee,2,$220 ,1
xbkm7bn1@nittybiz.com,350,T-Shirts,Oversized T-shirt,Skeleton Hand Print Oversized tee,Attractive tee,4,$440 ,1
cp2jfssm@nittybiz.com,354,T-Shirts,Oversized T-shirt,Skeleton Hand Print Oversized tee,Attractive tee,5,$550 ,1
cme8h8xo@nittybiz.com,364,T-Shirts,Oversized T-shirt,Skeleton Hand Print Oversized tee,Attractive tee,5,$550 ,1
408un7oa@nittybiz.com,1665,T-Shirts,Oversized T-shirt,Skeleton Hand Print Oversized tee,Attractive tee,5,$550 ,1
c7x4thwh@nittybiz.com,1721,T-Shirts,Oversized T-shirt,Skeleton Hand Print Oversized tee,Attractive tee,5,$550 ,1
2ferds64@nittybiz.com,1869,T-Shirts,Oversized T-shirt,Skeleton Hand Print Oversized tee,Attractive tee,3,$330 ,1
zroszl6u@nittybiz.com,2181,T-Shirts,Oversized T-shirt,Skeleton Hand Print Oversized tee,Attractive tee,1,$110 ,1
bb3zoued@nittybiz.com,2329,T-Shirts,Oversized T-shirt,Skeleton Hand Print Oversized tee,Attractive tee,4,$440 ,1
0t6p2llb@nittybiz.com,2441,T-Shirts,Oversized T-shirt,Skeleton Hand Print Oversized tee,Attractive tee,2,$220 ,1
4wadhbyq@nittybiz.com,34,Tops,Oversized T-shirt,Skeleton Hand Print Oversized tee,Attractive tee,3,$330 ,1
pzum9ajf@nittybiz.com,69,Tops,Ribbed Turtleneck Bodysuit,Wilde Black Ribbed Long Sleeve Mock Neck Bodysuit,Turtleneck tee,3,$360 ,1
ijrkiual@nittybiz.com,75,Tops,Oversized T-shirt,Skeleton Hand Print Oversized tee,Attractive tee,2,$220 ,1
7y325lij@nittybiz.com,81,Tops,Ribbed Turtleneck Bodysuit,Wilde Black Ribbed Long Sleeve Mock Neck Bodysuit,Turtleneck tee,1,$120 ,1
0he4zyti@nittybiz.com,96,Tops,Oversized T-shirt,Skeleton Hand Print Oversized tee,Attractive tee,3,$330 ,1
9m2dx2b7@nittybiz.com,164,Tops,Oversized T-shirt,Skeleton Hand Print Oversized tee,Attractive tee,5,$550 ,1
rt3uo5r1@nittybiz.com,192,Tops,Oversized T-shirt,Skeleton Hand Print Oversized tee,Attractive tee,1,$110 ,1
a8o460mx@nittybiz.com,205,Tops,Oversized T-shirt,Skeleton Hand Print Oversized tee,Attractive tee,2,$220 ,1
ukj83yz0@nittybiz.com,309,Tops,Ribbed Turtleneck Bodysuit,Wilde Black Ribbed Long Sleeve Mock Neck Bodysuit,Turtleneck tee,3,$360 ,1
zs1mnv7m@nittybiz.com,798,Tops,Long-sleeved Jersey Top,H&M Jersey Top,Full Sleeves,1,$30 ,1
vdd2py4z@nittybiz.com,924,Tops,Long-sleeved Jersey Top,H&M Jersey Top,Cute Jersey Top,4,$120 ,1
jblxtr2b@nittybiz.com,951,Tops,Long-sleeved Jersey Top,H&M Jersey Top,Cute Jersey Top,3,$90 ,1
z3nyrvmo@nittybiz.com,975,Tops,Long-sleeved Jersey Top,H&M Jersey Top,Cute Jersey Top,1,$30 ,1
xj7x77ao@nittybiz.com,1023,Tops,Long-sleeved Jersey Top,H&M Jersey Top,Cute Jersey Top,3,$90 ,1
z0nk2hdh@nittybiz.com,1167,Tops,Long-sleeved Jersey Top,Gap Jersey Top,Cute Jersey Top,1,$30 ,1
10xe5hi0@nittybiz.com,1185,Tops,Long-sleeved Jersey Top,Gap Jersey Top,Cute Jersey Top,3,$90 ,1
hkru7hot@nittybiz.com,1224,Tops,Long-sleeved Jersey Top,Gap Jersey Top,Cute Jersey Top,4,$120 ,1
ujzpcvvz@nittybiz.com,1637,Tops,Oversized T-shirt,Skeleton Hand Print Oversized tee,Attractive tee,3,$330 ,1
c0pjnjzk@nittybiz.com,1689,Tops,Oversized T-shirt,Skeleton Hand Print Oversized tee,Attractive tee,5,$550 ,1
aaekzvdc@nittybiz.com,1777,Tops,Oversized T-shirt,Skeleton Hand Print Oversized tee,Attractive tee,2,$220 ,1
fuzllzzx@nittybiz.com,2085,Tops,Oversized T-shirt,Skeleton Hand Print Oversized tee,Attractive tee,3,$330 ,1
4wtry7dk@nittybiz.com,2193,Tops,Ribbed Turtleneck Bodysuit,Wilde Black Ribbed Long Sleeve Mock Neck Bodysuit,Turtleneck tee,1,$120 ,1
y2udkikw@nittybiz.com,2229,Tops,Oversized T-shirt,Skeleton Hand Print Oversized tee,Attractive tee,2,$220 ,1
xtxi1yoi@nittybiz.com,2405,Tops,Ribbed Turtleneck Bodysuit,Wilde Black Ribbed Long Sleeve Mock Neck Bodysuit,Turtleneck tee,3,$360 ,1
6jtd60n2@nittybiz.com,2453,Tops,Oversized T-shirt,Skeleton Hand Print Oversized tee,Attractive tee,3,$330 ,1
x3y54ibo@nittybiz.com,2457,Tops,Ribbed Turtleneck Bodysuit,Wilde Black Ribbed Long Sleeve Mock Neck Bodysuit,Turtleneck tee,3,$360 ,1
9epxccba@nittybiz.com,2581,Tops,Long-sleeved Jersey Top,H&M Jersey Top,Full Sleeves,1,$30 ,1
nmps988l@nittybiz.com,708,Toys,Monster Jam El Toro,MJ Mega El Toro,Kid's toys,2,$140 ,1
pm327nz5@nittybiz.com,2461,Toys,Monster Jam El Toro,MJ Mega El Toro,Kid's toys,2,$140 ,1
8dxb9ksf@nittybiz.com,726,Video Games,Elden Ring,ER: MMO,Interactive MMO,4,$600 ,1
0qekckaq@nittybiz.com,2485,Video Games,Elden Ring,ER: MMO,Interactive MMO,4,$600 ,1
5dw7cpmp@nittybiz.com,789,Wall Cabinets,"Wall cabinet with 2 doors30x15x40 """,Ikea WC - 2 doors,Cabinets,1,$80 ,1
zkq5g8lm@nittybiz.com,822,Wall Cabinets,"Wall cabinet with 2 doors30x15x40 """,Ikea WC - 2 doors,Cabinets,4,$320 ,1
6lq16kbm@nittybiz.com,921,Wall Cabinets,"Wall cabinet w glass door/2 drawers, white/Torhamn ash",Ikea WC - White,Cabinets,5,$400 ,1
zmbtsdj7@nittybiz.com,2569,Wall Cabinets,"Wall cabinet with 2 doors30x15x40 """,Ikea WC - 2 doors,Cabinets,1,$80 ,1
3pyinnyn@nittybiz.com,720,Wellness,Spring Valley Extra Strength Melatonin Tablets,SV ES Melatonin,Sleep like a baby,5,$50 ,1
z06ts0i5@nittybiz.com,2477,Wellness,Spring Valley Extra Strength Melatonin Tablets,SV ES Melatonin,Sleep like a baby,5,$50 ,1
0bejhrbd@nittybiz.com,774,Yoga,Evolve by Gaiam Grippy Yoga Barre Socks,GG Yoga Socks,Comfortable,4,$40 ,1
tkhtoyjy@nittybiz.com,2549,Yoga,Evolve by Gaiam Grippy Yoga Barre Socks,GG Yoga Socks,Comfortable,4,$40 ,1
